timestamp,well_id,oil_rate_bbl_d,gas_rate_mmscf_d,tubing_pressure_psi,temperature_c,vibration_mm_s,water_cut_pct,choke_size_64ths,status
2026-08-31 13:00:00,Well-12A,921.2,0.911,1866.7,78.7,2.281,18.61,32,Online
2026-08-31 14:00:00,Well-12A,920.8,1.097,1865.3,78.7,2.168,18.44,36,Online
2026-08-31 15:00:00,Well-12A,922.4,0.972,1866.9,77.8,2.34,18.13,32,Online
2026-08-31 16:00:00,Well-12A,926.1,0.788,1864.5,78.3,2.093,18.24,24,Online
2026-08-31 17:00:00,Well-12A,925.5,0.991,1861.2,78.1,2.507,18.08,40,Online
2026-08-31 18:00:00,Well-12A,924.9,0.86,1862.0,80.5,2.202,18.05,24,Online
2026-08-31 19:00:00,Well-12A,928.7,0.998,1862.9,79.8,2.432,17.91,32,Online
2026-08-31 20:00:00,Well-12A,930.6,0.77,1860.8,80.1,2.094,17.69,32,Online
2026-08-31 21:00:00,Well-12A,929.4,0.809,1858.8,79.6,2.193,17.76,40,Restricted
2026-08-31 22:00:00,Well-12A,930.7,1.063,1859.7,78.0,2.156,17.85,40,Online
2026-08-31 23:00:00,Well-12A,929.4,0.828,1853.8,78.6,2.12,17.78,28,Online
2026-09-01 00:00:00,Well-12A,928.2,1.053,1848.1,79.4,2.143,17.47,40,Online
2026-09-01 01:00:00,Well-12A,928.8,0.847,1845.1,78.0,2.165,17.4,32,Online
2026-09-01 02:00:00,Well-12A,923.9,0.977,1844.2,79.6,2.176,17.45,28,Online
2026-09-01 03:00:00,Well-12A,919.6,0.991,1845.3,78.8,2.055,17.27,40,Online
2026-09-01 04:00:00,Well-12A,918.1,0.923,1851.1,78.7,2.521,17.3,28,Online
2026-09-01 05:00:00,Well-12A,915.5,0.844,1854.5,79.6,2.43,17.29,32,Online
2026-09-01 06:00:00,Well-12A,916.2,0.811,1853.8,79.4,2.146,17.36,24,Online
2026-09-01 07:00:00,Well-12A,913.9,0.743,1853.6,78.7,2.058,17.38,32,Restricted
2026-09-01 08:00:00,Well-12A,910.3,0.839,1849.5,80.0,2.076,17.26,28,Online
2026-09-01 09:00:00,Well-12A,913.9,0.97,1849.3,78.1,2.185,17.4,32,Online
2026-09-01 10:00:00,Well-12A,913.3,1.073,1848.1,79.5,2.275,17.39,24,Online
2026-09-01 11:00:00,Well-12A,913.4,1.049,1849.3,79.5,2.107,17.38,40,Online
2026-09-01 12:00:00,Well-12A,909.8,1.007,1845.9,78.7,2.417,17.27,40,Online
2026-09-01 13:00:00,Well-12A,908.3,1.013,1847.9,79.3,2.138,17.22,24,Online
2026-09-01 14:00:00,Well-12A,908.6,0.969,1853.9,77.9,2.192,17.11,36,Online
2026-09-01 15:00:00,Well-12A,905.6,0.819,1853.4,79.8,2.156,17.09,24,Online
2026-09-01 16:00:00,Well-12A,906.5,1.054,1854.9,78.8,2.396,17.3,36,Online
2026-09-01 17:00:00,Well-12A,904.9,0.967,1857.6,78.6,2.32,17.13,32,Online
2026-09-01 18:00:00,Well-12A,904.2,0.926,1855.9,79.9,2.372,16.94,32,Online
2026-09-01 19:00:00,Well-12A,902.6,0.762,1856.7,78.4,2.099,17.11,40,Online
2026-09-01 20:00:00,Well-12A,907.2,0.888,1856.7,77.8,2.28,17.09,28,Online
2026-09-01 21:00:00,Well-12A,907.1,0.893,1857.0,77.7,2.42,17.01,32,Online
2026-09-01 22:00:00,Well-12A,904.4,1.036,1853.8,79.5,2.151,17.13,28,Online
2026-09-01 23:00:00,Well-12A,906.4,0.923,1853.8,77.9,2.287,17.06,28,Online
2026-09-02 00:00:00,Well-12A,903.3,0.86,1855.7,80.5,2.058,17.28,36,Online
2026-09-02 01:00:00,Well-12A,903.7,1.076,1861.4,77.2,2.088,17.36,28,Online
2026-09-02 02:00:00,Well-12A,898.8,0.759,1865.1,80.4,2.244,17.3,36,Online
2026-09-02 03:00:00,Well-12A,895.4,0.868,1873.7,79.2,2.194,17.56,32,Online
2026-09-02 04:00:00,Well-12A,895.8,0.732,1870.5,78.9,2.397,17.49,32,Online
2026-09-02 05:00:00,Well-12A,897.6,0.984,1873.9,78.5,2.375,17.58,40,Online
2026-09-02 06:00:00,Well-12A,898.0,1.048,1874.6,79.3,2.354,17.61,24,Online
2026-09-02 07:00:00,Well-12A,897.6,0.819,1883.2,79.0,2.188,17.77,40,Online
2026-09-02 08:00:00,Well-12A,896.8,1.025,1879.9,79.9,2.137,17.96,32,Online
2026-09-02 09:00:00,Well-12A,893.0,0.819,1876.5,79.1,2.159,17.96,24,Online
2026-09-02 10:00:00,Well-12A,891.2,1.038,1874.0,79.1,2.107,17.87,24,Online
2026-09-02 11:00:00,Well-12A,890.0,0.98,1865.4,78.7,2.171,17.93,28,Online
2026-09-02 12:00:00,Well-12A,892.6,1.001,1863.2,79.0,2.198,17.84,36,Online
2026-09-02 13:00:00,Well-12A,893.4,0.721,1860.1,79.3,2.056,18.09,28,Online
2026-09-02 14:00:00,Well-12A,888.9,1.053,1860.6,77.5,2.308,18.1,36,Online
2026-09-02 15:00:00,Well-12A,889.6,0.97,1861.8,77.9,2.17,18.06,40,Online
2026-09-02 16:00:00,Well-12A,888.6,0.819,1869.3,79.6,2.132,18.08,36,Online
2026-09-02 17:00:00,Well-12A,886.9,1.004,1873.0,79.1,2.22,17.92,28,Online
2026-09-02 18:00:00,Well-12A,888.3,0.811,1870.6,78.8,2.677,17.8,28,Online
2026-09-02 19:00:00,Well-12A,890.9,1.024,1866.9,79.0,2.303,17.95,28,Online
2026-09-02 20:00:00,Well-12A,893.1,0.755,1868.8,79.3,2.433,17.87,24,Online
2026-09-02 21:00:00,Well-12A,891.0,0.964,1863.4,78.5,2.13,17.74,24,Online
2026-09-02 22:00:00,Well-12A,890.1,0.905,1870.6,78.3,2.296,17.81,28,Online
2026-09-02 23:00:00,Well-12A,890.9,0.747,1875.3,79.2,2.335,17.95,28,Online
2026-09-03 00:00:00,Well-12A,893.3,0.801,1873.3,78.2,2.305,18.04,24,Online
2026-09-03 01:00:00,Well-12A,892.0,0.718,1866.4,79.3,2.153,18.15,28,Online
2026-09-03 02:00:00,Well-12A,891.5,0.88,1871.7,77.6,2.126,18.06,40,Online
2026-09-03 03:00:00,Well-12A,888.7,0.818,1871.1,79.9,2.06,17.89,40,Online
2026-09-03 04:00:00,Well-12A,885.6,0.92,1876.0,79.4,2.155,18.07,24,Online
2026-09-03 05:00:00,Well-12A,887.6,0.816,1869.5,79.2,2.067,18.03,32,Online
2026-09-03 06:00:00,Well-12A,890.9,0.82,1867.0,79.8,2.332,18.0,28,Online
2026-09-03 07:00:00,Well-12A,890.7,0.977,1867.0,80.4,2.269,18.16,36,Online
2026-09-03 08:00:00,Well-12A,893.1,0.732,1867.1,79.9,2.159,18.23,32,Online
2026-09-03 09:00:00,Well-12A,894.0,1.038,1865.2,77.4,2.392,18.29,24,Online
2026-09-03 10:00:00,Well-12A,892.3,1.018,1867.6,77.9,2.144,18.55,36,Online
2026-09-03 11:00:00,Well-12A,893.1,0.953,1863.2,78.5,2.38,18.47,24,Online
2026-09-03 12:00:00,Well-12A,896.9,0.93,1862.6,79.0,2.237,18.58,28,Online
2026-09-03 13:00:00,Well-12A,896.8,1.038,1863.0,79.4,2.127,18.59,36,Online
2026-09-03 14:00:00,Well-12A,900.6,0.787,1864.9,78.4,2.127,18.62,28,Online
2026-09-03 15:00:00,Well-12A,894.0,0.743,1867.7,79.2,2.121,18.8,40,Online
2026-09-03 16:00:00,Well-12A,896.0,0.803,1863.1,78.4,2.507,18.86,40,Online
2026-09-03 17:00:00,Well-12A,896.2,1.002,1856.9,78.5,2.134,18.93,36,Online
2026-09-03 18:00:00,Well-12A,895.4,0.729,1861.9,77.8,2.145,19.06,36,Online
2026-09-03 19:00:00,Well-12A,895.5,0.925,1863.1,78.2,2.277,19.01,24,Online
2026-09-03 20:00:00,Well-12A,890.5,1.067,1860.0,77.9,2.103,18.91,32,Online
2026-09-03 21:00:00,Well-12A,889.9,1.017,1866.2,78.2,2.107,18.79,40,Online
2026-09-03 22:00:00,Well-12A,890.7,0.898,1866.5,79.9,2.093,18.55,40,Online
2026-09-03 23:00:00,Well-12A,894.4,0.738,1871.2,78.2,2.066,18.8,36,Online
2026-09-04 00:00:00,Well-12A,893.0,1.011,1871.3,81.2,2.058,18.66,32,Online
2026-09-04 01:00:00,Well-12A,890.9,0.926,1879.5,79.4,2.21,18.64,28,Online
2026-09-04 02:00:00,Well-12A,889.6,0.753,1886.4,79.2,2.061,18.6,32,Online
2026-09-04 03:00:00,Well-12A,891.9,0.747,1885.3,78.3,2.211,18.64,36,Online
2026-09-04 04:00:00,Well-12A,892.6,1.039,1889.1,79.6,2.068,18.74,40,Online
2026-09-04 05:00:00,Well-12A,891.2,0.952,1891.6,78.5,2.067,18.84,40,Online
2026-09-04 06:00:00,Well-12A,892.5,1.01,1897.0,79.1,2.49,18.77,28,Online
2026-09-04 07:00:00,Well-12A,892.6,1.028,1893.1,81.2,2.252,18.75,24,Online
2026-09-04 08:00:00,Well-12A,895.0,0.921,1895.7,78.9,2.126,18.79,24,Online
2026-09-04 09:00:00,Well-12A,893.2,0.899,1899.9,80.0,2.27,18.76,40,Online
2026-09-04 10:00:00,Well-12A,892.3,0.867,1892.7,78.4,2.687,18.95,24,Online
2026-09-04 11:00:00,Well-12A,891.3,0.826,1887.9,79.0,2.509,19.01,36,Online
2026-09-04 12:00:00,Well-12A,887.5,0.864,1879.7,80.5,2.081,19.1,36,Restricted
2026-09-04 13:00:00,Well-12A,888.2,0.986,1878.5,78.5,2.294,19.18,36,Online
2026-09-04 14:00:00,Well-12A,888.8,0.925,1881.3,80.5,2.279,19.32,24,Online
2026-09-04 15:00:00,Well-12A,888.8,1.028,1887.2,79.6,2.185,19.34,36,Online
2026-09-04 16:00:00,Well-12A,888.1,0.868,1887.4,78.5,2.282,19.18,40,Online
2026-09-04 17:00:00,Well-12A,884.5,0.922,1893.8,79.5,2.187,19.23,28,Online
2026-09-04 18:00:00,Well-12A,883.4,0.93,1888.2,79.8,2.471,19.15,40,Online
2026-09-04 19:00:00,Well-12A,882.5,0.915,1881.3,79.5,2.092,19.09,40,Online
2026-09-04 20:00:00,Well-12A,880.4,0.952,1881.0,77.7,2.098,19.16,28,Online
2026-09-04 21:00:00,Well-12A,880.0,0.788,1882.5,78.4,2.241,19.31,36,Online
2026-09-04 22:00:00,Well-12A,880.9,0.885,1882.2,78.8,2.159,19.31,32,Online
2026-09-04 23:00:00,Well-12A,885.6,0.745,1873.9,78.9,2.083,19.35,24,Online
2026-09-05 00:00:00,Well-12A,886.0,0.845,1873.4,79.5,2.13,19.55,36,Online
2026-09-05 01:00:00,Well-12A,886.5,0.882,1868.1,79.2,2.579,19.58,32,Online
2026-09-05 02:00:00,Well-12A,886.3,0.94,1870.7,77.9,2.063,19.89,28,Online
2026-09-05 03:00:00,Well-12A,881.4,1.04,1872.1,79.3,2.094,19.96,24,Online
2026-09-05 04:00:00,Well-12A,881.3,0.917,1868.2,79.5,2.281,19.75,36,Online
2026-09-05 05:00:00,Well-12A,881.4,0.967,1866.1,79.5,2.293,19.84,24,Online
2026-09-05 06:00:00,Well-12A,887.5,0.89,1861.8,79.9,2.311,19.89,28,Online
2026-09-05 07:00:00,Well-12A,887.0,0.935,1861.4,79.7,2.191,20.04,40,Online
2026-09-05 08:00:00,Well-12A,887.7,0.735,1865.2,79.4,2.301,20.12,24,Online
2026-09-05 09:00:00,Well-12A,887.5,0.8,1861.1,78.9,2.409,20.11,40,Online
2026-09-05 10:00:00,Well-12A,884.5,0.836,1863.1,77.6,2.302,19.96,28,Online
2026-09-05 11:00:00,Well-12A,887.3,0.878,1860.8,79.4,2.117,19.93,24,Online
2026-09-05 12:00:00,Well-12A,889.1,0.728,1857.6,79.2,2.216,19.83,32,Online
2026-09-05 13:00:00,Well-12A,891.1,0.763,1857.1,79.2,2.064,19.76,40,Restricted
2026-09-05 14:00:00,Well-12A,888.7,0.809,1852.8,77.9,2.122,19.83,32,Online
2026-09-05 15:00:00,Well-12A,892.2,1.06,1850.5,78.1,2.121,20.03,32,Online
2026-09-05 16:00:00,Well-12A,888.6,0.829,1845.7,79.9,2.143,20.08,24,Online
2026-09-05 17:00:00,Well-12A,890.0,0.884,1853.4,79.0,2.405,19.94,40,Online
2026-09-05 18:00:00,Well-12A,895.4,0.787,1853.5,79.6,2.15,19.99,36,Online
2026-09-05 19:00:00,Well-12A,892.9,0.932,1850.6,79.0,2.104,20.13,40,Online
2026-09-05 20:00:00,Well-12A,891.4,0.813,1851.4,79.0,2.262,20.06,28,Online
2026-09-05 21:00:00,Well-12A,891.6,0.787,1850.8,79.8,2.312,20.04,40,Online
2026-09-05 22:00:00,Well-12A,890.3,0.896,1849.8,78.6,2.32,20.05,36,Online
2026-09-05 23:00:00,Well-12A,886.4,0.711,1852.2,79.1,2.181,19.95,28,Restricted
2026-09-06 00:00:00,Well-12A,886.5,0.712,1855.1,78.6,2.204,20.03,40,Online
2026-09-06 01:00:00,Well-12A,883.8,0.784,1852.9,78.6,2.115,20.01,36,Online
2026-09-06 02:00:00,Well-12A,884.9,0.721,1850.5,78.7,2.353,20.07,36,Online
2026-09-06 03:00:00,Well-12A,882.5,0.744,1849.4,79.2,2.083,19.96,24,Online
2026-09-06 04:00:00,Well-12A,886.3,0.829,1840.1,78.6,2.078,19.91,36,Online
2026-09-06 05:00:00,Well-12A,884.3,0.991,1833.9,80.1,2.088,19.99,24,Online
2026-09-06 06:00:00,Well-12A,883.5,0.909,1839.3,78.2,2.053,19.95,28,Online
2026-09-06 07:00:00,Well-12A,885.4,0.89,1845.8,78.8,2.291,20.16,32,Online
2026-09-06 08:00:00,Well-12A,882.3,0.809,1844.7,78.6,2.367,20.11,40,Online
2026-09-06 09:00:00,Well-12A,882.8,1.035,1846.9,80.2,2.401,20.13,36,Online
2026-09-06 10:00:00,Well-12A,886.0,0.85,1848.1,79.2,2.236,20.25,36,Online
2026-09-06 11:00:00,Well-12A,881.9,0.736,1860.3,79.9,2.268,20.08,24,Online
2026-09-06 12:00:00,Well-12A,882.3,0.924,1864.7,77.7,2.524,19.86,36,Online
2026-09-06 13:00:00,Well-12A,882.9,0.747,1864.1,79.2,2.191,19.68,36,Online
2026-09-06 14:00:00,Well-12A,884.8,0.83,1860.2,79.8,2.341,19.83,24,Online
2026-09-06 15:00:00,Well-12A,881.7,0.884,1853.6,79.1,2.411,19.77,28,Online
2026-09-06 16:00:00,Well-12A,878.3,1.01,1854.4,79.9,2.272,20.07,40,Online
2026-09-06 17:00:00,Well-12A,879.5,0.877,1851.3,78.6,2.201,20.01,24,Online
2026-09-06 18:00:00,Well-12A,880.2,0.951,1845.5,80.2,2.546,20.03,24,Online
2026-09-06 19:00:00,Well-12A,880.8,1.054,1842.8,81.0,2.266,20.21,32,Online
2026-09-06 20:00:00,Well-12A,881.6,0.752,1838.4,78.7,2.121,20.45,40,Online
2026-09-06 21:00:00,Well-12A,879.8,0.801,1845.0,78.6,2.6,20.7,40,Online
2026-09-06 22:00:00,Well-12A,880.4,0.843,1848.5,80.2,2.554,20.85,28,Online
2026-09-06 23:00:00,Well-12A,881.0,0.853,1848.4,80.3,2.356,20.97,40,Online
2026-09-07 00:00:00,Well-12A,879.2,0.848,1854.2,78.6,2.412,21.04,32,Online
2026-09-07 01:00:00,Well-12A,883.8,1.028,1854.4,78.6,2.275,21.13,40,Online
2026-09-07 02:00:00,Well-12A,884.9,0.961,1850.9,78.8,2.587,21.07,40,Online
2026-09-07 03:00:00,Well-12A,881.9,0.92,1856.9,77.9,2.355,20.97,24,Online
2026-09-07 04:00:00,Well-12A,883.5,0.816,1858.9,78.2,2.174,20.97,32,Online
2026-09-07 05:00:00,Well-12A,881.0,0.995,1854.7,78.1,2.181,20.95,32,Online
2026-09-07 06:00:00,Well-12A,882.9,1.044,1853.9,78.3,2.238,20.89,36,Online
2026-09-07 07:00:00,Well-12A,885.7,1.0,1850.3,79.0,2.217,20.98,36,Online
2026-09-07 08:00:00,Well-12A,883.6,0.707,1844.6,79.2,2.112,21.09,32,Restricted
2026-09-07 09:00:00,Well-12A,886.0,0.934,1848.3,80.3,2.073,21.1,24,Online
2026-09-07 10:00:00,Well-12A,886.9,0.728,1855.8,78.2,2.064,21.28,40,Online
2026-09-07 11:00:00,Well-12A,888.9,0.803,1850.1,79.8,2.216,21.14,32,Online
2026-09-07 12:00:00,Well-12A,893.6,0.736,1852.3,78.8,2.112,21.12,28,Restricted
2026-09-07 13:00:00,Well-12A,892.9,0.93,1849.6,79.0,2.422,21.03,36,Online
2026-09-07 14:00:00,Well-12A,891.0,0.957,1847.6,79.6,2.072,20.81,40,Online
2026-09-07 15:00:00,Well-12A,888.7,0.752,1845.1,78.0,2.267,20.8,28,Online
2026-09-07 16:00:00,Well-12A,886.6,0.845,1841.5,79.3,2.293,20.79,32,Online
2026-09-07 17:00:00,Well-12A,886.4,0.871,1841.7,79.1,2.09,20.97,28,Online
2026-09-07 18:00:00,Well-12A,887.1,0.841,1838.2,79.4,2.356,21.04,40,Online
2026-09-07 19:00:00,Well-12A,887.8,0.753,1839.2,79.2,2.252,20.92,36,Online
2026-09-07 20:00:00,Well-12A,889.8,0.861,1838.9,81.1,2.396,21.14,24,Online
2026-09-07 21:00:00,Well-12A,889.8,0.979,1837.9,78.5,2.268,21.29,24,Online
2026-09-07 22:00:00,Well-12A,893.3,0.74,1834.2,78.5,2.257,21.36,28,Online
2026-09-07 23:00:00,Well-12A,892.6,0.743,1831.8,78.5,2.266,21.33,36,Online
2026-09-08 00:00:00,Well-12A,899.3,0.847,1834.7,78.5,2.099,21.22,28,Online
2026-09-08 01:00:00,Well-12A,900.9,1.06,1836.6,78.5,2.171,21.17,36,Online
2026-09-08 02:00:00,Well-12A,898.7,0.959,1832.6,80.0,2.263,21.3,28,Online
2026-09-08 03:00:00,Well-12A,895.9,0.96,1832.9,80.2,2.073,21.53,40,Online
2026-09-08 04:00:00,Well-12A,897.1,0.848,1835.9,78.5,2.343,21.71,36,Online
2026-09-08 05:00:00,Well-12A,896.4,0.93,1829.1,78.3,2.182,21.66,32,Online
2026-09-08 06:00:00,Well-12A,898.2,0.722,1831.2,79.4,2.12,21.52,32,Online
2026-09-08 07:00:00,Well-12A,899.3,0.948,1828.4,78.5,2.4,21.54,32,Online
2026-09-08 08:00:00,Well-12A,899.0,1.048,1830.6,79.5,2.147,21.33,40,Online
2026-09-08 09:00:00,Well-12A,896.9,0.937,1827.5,79.2,2.054,21.36,24,Online
2026-09-08 10:00:00,Well-12A,893.0,1.027,1820.2,77.7,2.172,21.35,32,Online
2026-09-08 11:00:00,Well-12A,891.9,0.972,1813.6,80.3,2.099,21.29,24,Online
2026-09-08 12:00:00,Well-12A,893.9,0.758,1813.7,80.5,2.35,21.1,40,Online
2026-09-08 13:00:00,Well-12A,894.4,1.038,1814.6,78.5,2.078,21.16,32,Online
2026-09-08 14:00:00,Well-12A,891.2,0.737,1810.9,78.7,2.144,21.1,40,Online
2026-09-08 15:00:00,Well-12A,891.6,0.904,1813.4,79.2,2.077,20.96,32,Online
2026-09-08 16:00:00,Well-12A,892.5,0.765,1806.6,79.3,2.17,20.61,32,Online
2026-09-08 17:00:00,Well-12A,890.2,0.716,1806.3,79.6,2.061,20.61,24,Online
2026-09-08 18:00:00,Well-12A,890.6,0.863,1801.4,80.7,2.059,20.82,36,Online
2026-09-08 19:00:00,Well-12A,890.7,0.818,1798.7,78.8,2.204,21.02,40,Online
2026-09-08 20:00:00,Well-12A,887.7,0.883,1798.8,78.3,2.196,20.97,36,Online
2026-09-08 21:00:00,Well-12A,888.6,0.916,1795.2,77.8,2.359,20.89,24,Online
2026-09-08 22:00:00,Well-12A,889.9,0.727,1793.6,78.4,2.435,20.95,40,Restricted
2026-09-08 23:00:00,Well-12A,892.6,0.758,1797.5,79.0,2.324,20.83,28,Online
2026-09-09 00:00:00,Well-12A,895.1,0.916,1795.1,80.5,2.202,20.87,24,Online
2026-09-09 01:00:00,Well-12A,891.6,0.836,1798.4,78.6,2.208,20.96,28,Online
2026-09-09 02:00:00,Well-12A,889.2,0.971,1793.8,79.2,2.247,21.11,28,Online
2026-09-09 03:00:00,Well-12A,890.5,0.945,1795.8,79.0,2.115,21.09,24,Online
2026-09-09 04:00:00,Well-12A,891.7,1.015,1801.5,80.0,2.325,21.07,40,Online
2026-09-09 05:00:00,Well-12A,892.9,0.962,1791.5,81.1,2.198,20.96,32,Online
2026-09-09 06:00:00,Well-12A,902.5,0.877,1788.2,78.5,2.111,20.86,36,Online
2026-09-09 07:00:00,Well-12A,903.8,0.966,1790.5,78.6,2.234,20.84,32,Online
2026-09-09 08:00:00,Well-12A,906.6,0.825,1789.6,79.9,2.522,20.88,28,Online
2026-09-09 09:00:00,Well-12A,909.0,0.839,1790.9,79.6,2.311,20.99,40,Online
2026-09-09 10:00:00,Well-12A,910.5,1.016,1788.4,80.6,2.118,20.89,28,Online
2026-09-09 11:00:00,Well-12A,909.7,0.89,1788.7,79.5,2.189,21.07,28,Online
2026-09-09 12:00:00,Well-12A,911.5,1.02,1788.0,78.7,2.141,21.04,40,Online
2026-09-09 13:00:00,Well-12A,909.5,1.027,1792.6,79.5,2.091,21.04,32,Online
2026-09-09 14:00:00,Well-12A,908.9,1.039,1793.5,79.9,2.079,20.95,36,Online
2026-09-09 15:00:00,Well-12A,907.6,1.059,1794.8,79.7,2.06,20.66,32,Online
2026-09-09 16:00:00,Well-12A,907.7,0.883,1793.0,79.4,2.082,20.76,32,Online
2026-09-09 17:00:00,Well-12A,913.5,0.847,1791.0,79.9,2.262,20.85,32,Online
2026-09-09 18:00:00,Well-12A,908.7,0.939,1789.2,80.0,2.536,20.82,32,Online
2026-09-09 19:00:00,Well-12A,910.4,0.863,1790.6,80.2,2.173,20.83,40,Online
2026-09-09 20:00:00,Well-12A,906.3,0.943,1788.9,79.6,2.351,20.89,40,Online
2026-09-09 21:00:00,Well-12A,905.1,0.979,1789.9,78.9,2.069,20.7,28,Online
2026-09-09 22:00:00,Well-12A,907.7,0.976,1798.2,79.1,2.618,20.64,28,Online
2026-09-09 23:00:00,Well-12A,907.8,0.862,1801.6,80.0,2.227,20.73,40,Online
2026-09-10 00:00:00,Well-12A,905.1,0.784,1800.2,78.3,2.411,20.58,40,Online
2026-09-10 01:00:00,Well-12A,903.2,0.878,1804.9,79.3,2.419,20.62,40,Online
2026-09-10 02:00:00,Well-12A,904.9,0.776,1803.2,78.7,2.172,20.46,24,Online
2026-09-10 03:00:00,Well-12A,903.0,1.044,1794.9,79.0,2.175,20.51,36,Online
2026-09-10 04:00:00,Well-12A,903.5,0.848,1790.8,80.1,2.408,20.51,40,Online
2026-09-10 05:00:00,Well-12A,903.5,0.779,1783.2,79.2,2.133,20.31,40,Online
2026-09-10 06:00:00,Well-12A,901.8,0.731,1781.7,79.0,2.095,20.45,32,Online
2026-09-10 07:00:00,Well-12A,907.1,0.96,1781.7,77.8,2.178,20.36,36,Online
2026-09-10 08:00:00,Well-12A,908.6,0.958,1788.3,79.6,2.273,20.27,32,Online
2026-09-10 09:00:00,Well-12A,903.5,0.846,1789.5,79.5,2.193,20.29,24,Online
2026-09-10 10:00:00,Well-12A,903.9,0.749,1788.6,80.8,2.319,20.43,28,Online
2026-09-10 11:00:00,Well-12A,902.2,0.87,1791.8,78.7,2.057,20.31,40,Online
2026-09-10 12:00:00,Well-12A,904.3,0.836,1782.9,79.2,2.219,20.31,32,Online
2026-09-10 13:00:00,Well-12A,902.2,0.966,1783.7,79.2,2.101,20.37,24,Online
2026-09-10 14:00:00,Well-12A,901.9,0.94,1786.7,80.3,2.392,20.45,32,Restricted
2026-09-10 15:00:00,Well-12A,903.1,0.854,1780.7,78.9,2.123,20.47,36,Restricted
2026-09-10 16:00:00,Well-12A,905.2,0.803,1785.2,79.2,2.233,20.43,40,Online
2026-09-10 17:00:00,Well-12A,902.1,1.078,1786.5,79.5,2.489,20.33,24,Online
2026-09-10 18:00:00,Well-12A,901.3,0.885,1784.7,79.2,2.132,20.34,28,Online
2026-09-10 19:00:00,Well-12A,900.0,0.968,1787.2,78.6,2.32,20.21,32,Online
2026-09-10 20:00:00,Well-12A,898.3,0.769,1796.1,79.2,2.316,19.86,24,Online
2026-09-10 21:00:00,Well-12A,902.7,0.897,1796.8,79.9,2.418,19.91,28,Online
2026-09-10 22:00:00,Well-12A,903.6,0.733,1797.7,78.1,2.142,20.02,24,Online
2026-09-10 23:00:00,Well-12A,900.4,0.902,1795.8,79.1,2.205,19.74,36,Online
2026-09-11 00:00:00,Well-12A,902.6,1.07,1792.3,78.4,2.062,19.61,32,Online
2026-09-11 01:00:00,Well-12A,907.9,0.866,1795.5,80.0,2.173,19.69,24,Online
2026-09-11 02:00:00,Well-12A,910.4,0.743,1792.0,77.7,2.067,19.94,24,Online
2026-09-11 03:00:00,Well-12A,906.6,0.736,1792.2,78.5,2.169,19.94,24,Online
2026-09-11 04:00:00,Well-12A,905.3,0.865,1790.2,79.3,2.253,19.85,28,Online
2026-09-11 05:00:00,Well-12A,908.4,0.785,1792.0,80.3,2.087,19.83,32,Online
2026-09-11 06:00:00,Well-12A,906.6,0.734,1793.3,78.9,2.361,19.99,28,Online
2026-09-11 07:00:00,Well-12A,907.6,1.001,1797.3,78.5,2.074,19.92,24,Online
2026-09-11 08:00:00,Well-12A,909.5,0.894,1795.2,80.6,2.249,19.82,32,Online
2026-09-11 09:00:00,Well-12A,907.1,0.831,1794.0,77.8,2.212,19.76,24,Online
2026-09-11 10:00:00,Well-12A,906.9,1.052,1790.0,77.1,2.322,19.65,36,Restricted
2026-09-11 11:00:00,Well-12A,898.7,0.761,1788.1,79.4,2.29,19.66,32,Online
2026-09-11 12:00:00,Well-12A,896.1,1.06,1789.6,78.6,2.184,19.86,24,Online
2026-09-11 13:00:00,Well-12A,895.4,0.829,1792.5,78.1,2.29,19.9,40,Online
2026-09-11 14:00:00,Well-12A,892.2,1.031,1788.7,79.6,2.12,19.87,24,Online
2026-09-11 15:00:00,Well-12A,896.3,0.933,1792.1,79.2,2.317,19.83,28,Online
2026-09-11 16:00:00,Well-12A,892.6,1.009,1797.4,78.5,2.081,19.64,36,Online
2026-09-11 17:00:00,Well-12A,891.5,1.064,1799.0,77.9,2.56,19.75,32,Online
2026-09-11 18:00:00,Well-12A,891.7,0.816,1806.4,79.7,2.137,19.74,32,Online
2026-09-11 19:00:00,Well-12A,895.3,1.06,1803.2,79.6,2.092,19.72,28,Online
2026-09-11 20:00:00,Well-12A,891.6,0.852,1798.2,78.9,2.118,20.1,28,Online
2026-09-11 21:00:00,Well-12A,894.5,0.854,1791.0,80.6,2.079,20.14,36,Online
2026-09-11 22:00:00,Well-12A,894.4,0.837,1796.9,78.1,2.084,20.05,40,Online
2026-09-11 23:00:00,Well-12A,891.9,0.907,1799.4,77.7,2.206,20.0,24,Online
2026-09-12 00:00:00,Well-12A,893.0,0.769,1799.1,78.4,2.26,20.13,32,Online
2026-09-12 01:00:00,Well-12A,893.5,0.913,1800.1,79.0,2.223,20.15,40,Online
2026-09-12 02:00:00,Well-12A,891.9,0.907,1795.5,79.2,2.343,19.98,40,Online
2026-09-12 03:00:00,Well-12A,892.0,0.985,1805.2,78.8,2.454,20.09,32,Online
2026-09-12 04:00:00,Well-12A,891.0,1.01,1805.6,79.3,2.162,20.01,32,Online
2026-09-12 05:00:00,Well-12A,891.2,0.87,1806.0,77.9,2.293,20.23,24,Online
2026-09-12 06:00:00,Well-12A,892.8,0.822,1808.8,80.2,2.524,20.36,36,Online
2026-09-12 07:00:00,Well-12A,896.7,0.81,1810.6,78.9,2.135,20.31,28,Online
2026-09-12 08:00:00,Well-12A,893.6,0.784,1811.4,79.9,2.598,20.46,32,Online
2026-09-12 09:00:00,Well-12A,898.8,0.74,1808.2,79.3,2.051,20.47,32,Online
2026-09-12 10:00:00,Well-12A,893.9,0.838,1810.0,79.4,2.234,20.57,32,Online
2026-09-12 11:00:00,Well-12A,893.5,0.811,1817.4,79.5,2.068,20.63,36,Online
2026-09-12 12:00:00,Well-12A,894.9,1.062,1822.7,79.4,2.072,20.53,36,Online
2026-09-12 13:00:00,Well-12A,895.5,0.916,1829.0,79.5,2.252,20.45,36,Online
2026-09-12 14:00:00,Well-12A,893.9,0.839,1826.9,80.1,2.114,20.57,32,Online
2026-09-12 15:00:00,Well-12A,893.3,0.922,1822.8,79.2,2.109,20.53,36,Online
2026-09-12 16:00:00,Well-12A,892.0,0.763,1822.2,79.6,2.121,20.48,24,Online
2026-09-12 17:00:00,Well-12A,890.5,0.871,1822.4,78.9,2.197,20.37,36,Online
2026-09-12 18:00:00,Well-12A,892.6,0.938,1826.6,80.2,2.268,20.42,32,Online
2026-09-12 19:00:00,Well-12A,893.4,0.889,1819.8,78.4,2.088,20.67,28,Online
2026-09-12 20:00:00,Well-12A,891.6,0.857,1825.8,80.5,2.216,20.54,32,Online
2026-09-12 21:00:00,Well-12A,893.8,1.07,1825.1,79.0,2.168,20.54,32,Online
2026-09-12 22:00:00,Well-12A,894.5,1.031,1823.3,77.8,2.248,20.71,36,Restricted
2026-09-12 23:00:00,Well-12A,896.5,0.941,1819.2,79.1,2.056,20.7,36,Online
2026-09-13 00:00:00,Well-12A,898.0,0.923,1812.5,78.4,2.052,20.76,32,Online
2026-09-13 01:00:00,Well-12A,895.9,0.939,1815.7,79.7,2.289,20.63,40,Online
2026-09-13 02:00:00,Well-12A,894.4,0.788,1815.9,78.4,2.154,20.68,40,Online
2026-09-13 03:00:00,Well-12A,896.2,0.859,1810.6,78.6,2.056,20.66,28,Online
2026-09-13 04:00:00,Well-12A,897.7,0.732,1805.3,77.4,2.23,20.78,28,Online
2026-09-13 05:00:00,Well-12A,897.6,0.889,1803.9,78.6,2.356,20.92,28,Online
2026-09-13 06:00:00,Well-12A,897.8,0.913,1810.5,76.9,2.173,21.23,28,Online
2026-09-13 07:00:00,Well-12A,900.9,0.803,1809.4,77.7,2.052,21.3,24,Online
2026-09-13 08:00:00,Well-12A,899.4,1.066,1803.3,79.6,2.339,21.34,28,Online
2026-09-13 09:00:00,Well-12A,900.7,1.048,1802.2,79.7,2.284,21.36,24,Online
2026-09-13 10:00:00,Well-12A,900.1,0.98,1801.0,79.4,2.117,21.32,36,Online
2026-09-13 11:00:00,Well-12A,899.5,0.912,1790.1,78.2,2.184,21.36,32,Online
2026-09-13 12:00:00,Well-12A,902.2,1.036,1789.8,79.0,2.091,21.33,24,Online
2026-09-13 13:00:00,Well-12A,904.2,0.771,1788.8,79.0,2.062,21.35,28,Online
2026-09-13 14:00:00,Well-12A,906.2,1.011,1791.5,78.0,2.167,21.5,28,Online
2026-09-13 15:00:00,Well-12A,909.4,0.773,1798.8,80.3,2.066,21.38,28,Online
2026-09-13 16:00:00,Well-12A,909.4,1.016,1803.2,79.7,2.157,21.52,32,Online
2026-09-13 17:00:00,Well-12A,911.0,0.829,1802.1,78.8,2.064,21.68,36,Online
2026-09-13 18:00:00,Well-12A,910.2,1.047,1797.6,79.0,2.485,21.66,36,Online
2026-09-13 19:00:00,Well-12A,910.9,1.073,1807.8,79.2,2.257,21.41,36,Online
2026-09-13 20:00:00,Well-12A,910.6,0.783,1807.9,77.3,2.082,21.34,28,Online
2026-09-13 21:00:00,Well-12A,910.7,0.897,1807.9,78.8,2.316,21.49,28,Online
2026-09-13 22:00:00,Well-12A,912.2,1.088,1807.7,78.4,2.182,21.49,32,Online
2026-09-13 23:00:00,Well-12A,910.1,0.904,1808.4,78.1,2.387,21.37,24,Online
2026-09-14 00:00:00,Well-12A,915.2,1.048,1807.7,78.8,2.318,21.31,24,Online
2026-09-14 01:00:00,Well-12A,912.7,0.945,1805.3,80.5,2.097,21.41,32,Online
2026-09-14 02:00:00,Well-12A,909.6,0.864,1803.1,79.5,2.378,21.47,40,Online
2026-09-14 03:00:00,Well-12A,912.4,0.834,1802.8,78.5,2.083,21.45,32,Online
2026-09-14 04:00:00,Well-12A,914.3,0.806,1800.6,79.5,2.124,21.4,28,Online
2026-09-14 05:00:00,Well-12A,915.8,1.012,1797.6,80.2,2.185,21.35,32,Online
2026-09-14 06:00:00,Well-12A,917.3,0.876,1798.0,79.8,2.117,21.24,40,Online
2026-09-14 07:00:00,Well-12A,917.2,0.921,1796.9,79.1,2.135,21.44,36,Online
2026-09-14 08:00:00,Well-12A,914.9,0.912,1802.8,78.5,2.087,21.4,24,Online
2026-09-14 09:00:00,Well-12A,915.1,0.943,1792.1,79.6,2.085,21.55,24,Online
2026-09-14 10:00:00,Well-12A,913.3,1.047,1796.4,79.3,2.051,21.73,36,Online
2026-09-14 11:00:00,Well-12A,915.7,1.092,1801.3,79.8,2.146,21.85,24,Online
2026-09-14 12:00:00,Well-12A,915.3,0.881,1792.9,79.5,2.312,21.8,24,Online
2026-08-31 13:00:00,Well-07B,781.9,0.779,1620.2,75.3,2.522,21.96,32,Online
2026-08-31 14:00:00,Well-07B,785.5,0.67,1630.3,77.9,2.719,21.93,36,Online
2026-08-31 15:00:00,Well-07B,783.3,0.703,1635.1,75.8,2.627,21.93,28,Online
2026-08-31 16:00:00,Well-07B,785.0,0.72,1633.0,74.8,2.473,22.08,32,Online
2026-08-31 17:00:00,Well-07B,784.9,0.918,1630.5,74.5,2.582,22.09,40,Online
2026-08-31 18:00:00,Well-07B,790.1,0.705,1627.8,75.5,2.537,22.12,28,Online
2026-08-31 19:00:00,Well-07B,788.0,0.722,1631.2,75.8,2.451,22.25,36,Online
2026-08-31 20:00:00,Well-07B,790.8,0.75,1637.6,76.8,2.403,22.25,40,Online
2026-08-31 21:00:00,Well-07B,791.7,0.844,1639.8,76.7,2.411,22.5,24,Restricted
2026-08-31 22:00:00,Well-07B,792.3,0.671,1640.3,76.0,2.495,22.35,32,Online
2026-08-31 23:00:00,Well-07B,792.4,0.936,1638.5,75.6,2.444,22.24,40,Online
2026-09-01 00:00:00,Well-07B,795.7,0.912,1639.7,76.3,2.402,22.31,28,Online
2026-09-01 01:00:00,Well-07B,796.3,0.821,1636.3,74.5,2.542,22.46,32,Online
2026-09-01 02:00:00,Well-07B,792.4,0.848,1628.5,77.7,2.576,22.44,32,Online
2026-09-01 03:00:00,Well-07B,795.4,0.642,1635.0,76.6,2.534,22.32,32,Online
2026-09-01 04:00:00,Well-07B,798.0,0.747,1630.8,76.7,2.515,22.53,36,Restricted
2026-09-01 05:00:00,Well-07B,799.4,0.894,1629.5,75.1,2.413,22.44,24,Online
2026-09-01 06:00:00,Well-07B,796.5,0.662,1632.0,77.1,2.603,22.48,36,Online
2026-09-01 07:00:00,Well-07B,794.0,0.725,1637.6,75.6,2.831,22.63,32,Online
2026-09-01 08:00:00,Well-07B,789.2,0.816,1638.6,75.2,2.524,22.58,36,Online
2026-09-01 09:00:00,Well-07B,790.3,0.713,1633.7,76.0,2.654,22.51,28,Online
2026-09-01 10:00:00,Well-07B,786.9,0.924,1632.4,75.9,2.896,22.44,28,Online
2026-09-01 11:00:00,Well-07B,782.5,0.667,1629.6,75.1,2.557,22.55,40,Online
2026-09-01 12:00:00,Well-07B,785.7,0.879,1629.4,75.2,2.417,22.68,28,Online
2026-09-01 13:00:00,Well-07B,787.5,0.79,1634.2,75.2,2.573,22.68,40,Online
2026-09-01 14:00:00,Well-07B,786.6,0.865,1624.0,75.2,2.646,22.91,24,Restricted
2026-09-01 15:00:00,Well-07B,786.3,0.727,1622.2,75.7,2.643,22.91,40,Online
2026-09-01 16:00:00,Well-07B,780.2,0.785,1620.2,74.8,2.603,23.06,40,Online
2026-09-01 17:00:00,Well-07B,782.4,0.894,1615.1,75.4,2.458,23.01,28,Online
2026-09-01 18:00:00,Well-07B,780.6,0.77,1617.4,76.9,2.51,23.29,36,Online
2026-09-01 19:00:00,Well-07B,781.4,0.738,1611.6,76.7,2.612,23.48,40,Online
2026-09-01 20:00:00,Well-07B,775.1,0.786,1606.3,75.1,2.511,23.47,32,Online
2026-09-01 21:00:00,Well-07B,777.5,0.845,1609.6,76.8,2.435,23.64,40,Online
2026-09-01 22:00:00,Well-07B,775.5,0.758,1615.5,74.3,2.492,23.8,40,Online
2026-09-01 23:00:00,Well-07B,772.0,0.908,1615.1,78.1,2.504,23.99,32,Online
2026-09-02 00:00:00,Well-07B,771.1,0.708,1610.2,77.1,2.719,23.69,32,Online
2026-09-02 01:00:00,Well-07B,769.6,0.762,1607.3,75.5,2.61,23.78,28,Online
2026-09-02 02:00:00,Well-07B,772.2,0.852,1611.2,76.3,2.803,23.84,24,Online
2026-09-02 03:00:00,Well-07B,771.1,0.829,1611.6,74.8,2.516,23.9,24,Online
2026-09-02 04:00:00,Well-07B,774.4,0.887,1611.1,76.1,2.413,23.93,40,Online
2026-09-02 05:00:00,Well-07B,775.2,0.929,1612.3,75.8,2.406,23.96,40,Online
2026-09-02 06:00:00,Well-07B,777.4,0.755,1612.0,75.3,2.624,24.11,36,Online
2026-09-02 07:00:00,Well-07B,777.3,0.656,1618.1,75.6,2.678,24.18,28,Online
2026-09-02 08:00:00,Well-07B,780.4,0.634,1615.0,75.5,2.512,24.2,24,Online
2026-09-02 09:00:00,Well-07B,777.5,0.848,1611.5,75.0,2.606,24.34,28,Online
2026-09-02 10:00:00,Well-07B,777.7,0.894,1605.9,75.3,2.447,24.39,36,Online
2026-09-02 11:00:00,Well-07B,776.7,0.69,1603.6,74.8,2.645,24.45,40,Online
2026-09-02 12:00:00,Well-07B,780.1,0.674,1599.2,76.7,2.546,24.67,24,Online
2026-09-02 13:00:00,Well-07B,783.8,0.647,1599.9,75.2,2.842,24.62,36,Online
2026-09-02 14:00:00,Well-07B,783.7,0.885,1599.9,75.0,2.618,24.44,40,Online
2026-09-02 15:00:00,Well-07B,780.4,0.722,1595.5,76.7,2.618,24.45,24,Online
2026-09-02 16:00:00,Well-07B,781.5,0.751,1597.8,76.3,2.493,24.47,32,Online
2026-09-02 17:00:00,Well-07B,777.2,0.778,1603.8,76.7,2.663,24.56,28,Online
2026-09-02 18:00:00,Well-07B,781.2,0.887,1605.1,76.8,2.646,24.57,24,Online
2026-09-02 19:00:00,Well-07B,780.0,0.827,1594.8,77.6,2.908,24.66,36,Online
2026-09-02 20:00:00,Well-07B,779.9,0.816,1602.7,75.9,2.439,24.96,40,Online
2026-09-02 21:00:00,Well-07B,778.1,0.677,1605.6,74.8,2.549,25.06,28,Online
2026-09-02 22:00:00,Well-07B,775.8,0.78,1613.3,76.2,2.718,25.18,32,Online
2026-09-02 23:00:00,Well-07B,777.6,0.845,1617.6,75.4,2.533,25.16,28,Online
2026-09-03 00:00:00,Well-07B,777.1,0.924,1622.7,75.2,2.582,25.0,40,Online
2026-09-03 01:00:00,Well-07B,777.2,0.684,1623.4,76.1,2.57,24.72,28,Online
2026-09-03 02:00:00,Well-07B,774.6,0.623,1622.3,76.7,2.707,24.66,24,Online
2026-09-03 03:00:00,Well-07B,776.7,0.645,1623.7,75.3,2.567,24.35,32,Online
2026-09-03 04:00:00,Well-07B,779.0,0.74,1620.8,77.1,2.408,24.41,28,Online
2026-09-03 05:00:00,Well-07B,778.4,0.878,1622.4,75.2,2.467,24.36,28,Online
2026-09-03 06:00:00,Well-07B,781.5,0.627,1611.8,75.8,2.573,24.21,28,Online
2026-09-03 07:00:00,Well-07B,781.2,0.768,1611.9,76.3,2.833,24.22,36,Online
2026-09-03 08:00:00,Well-07B,783.1,0.73,1617.2,75.7,2.499,24.13,36,Online
2026-09-03 09:00:00,Well-07B,779.0,0.64,1617.5,74.5,2.651,24.19,36,Online
2026-09-03 10:00:00,Well-07B,779.8,0.764,1624.3,76.8,2.833,24.27,24,Online
2026-09-03 11:00:00,Well-07B,779.1,0.703,1623.1,75.5,2.436,24.19,40,Online
2026-09-03 12:00:00,Well-07B,779.4,0.733,1627.1,76.6,2.521,24.16,24,Online
2026-09-03 13:00:00,Well-07B,779.6,0.844,1623.5,74.9,2.781,24.19,32,Online
2026-09-03 14:00:00,Well-07B,779.9,0.787,1627.2,75.1,2.814,24.02,36,Online
2026-09-03 15:00:00,Well-07B,781.3,0.664,1628.1,76.7,2.454,24.04,40,Online
2026-09-03 16:00:00,Well-07B,779.9,0.924,1627.1,76.3,2.62,23.87,28,Online
2026-09-03 17:00:00,Well-07B,781.2,0.824,1616.7,75.6,2.699,23.94,36,Online
2026-09-03 18:00:00,Well-07B,784.3,0.868,1615.6,76.3,2.621,23.89,32,Online
2026-09-03 19:00:00,Well-07B,780.7,0.649,1616.4,75.2,2.602,23.71,24,Online
2026-09-03 20:00:00,Well-07B,778.7,0.638,1619.6,76.1,2.633,23.64,24,Online
2026-09-03 21:00:00,Well-07B,776.8,0.627,1625.7,76.1,2.543,23.58,32,Online
2026-09-03 22:00:00,Well-07B,774.0,0.678,1633.8,75.7,2.429,23.71,40,Online
2026-09-03 23:00:00,Well-07B,772.7,0.746,1638.7,75.3,2.674,23.73,28,Online
2026-09-04 00:00:00,Well-07B,775.2,0.91,1636.4,76.1,2.561,23.61,28,Online
2026-09-04 01:00:00,Well-07B,778.8,0.765,1635.0,76.0,2.643,23.81,28,Online
2026-09-04 02:00:00,Well-07B,779.0,0.714,1637.9,75.6,2.526,23.89,32,Online
2026-09-04 03:00:00,Well-07B,778.1,0.797,1639.9,75.1,2.634,23.85,36,Online
2026-09-04 04:00:00,Well-07B,780.1,0.659,1646.3,76.0,2.557,23.66,28,Online
2026-09-04 05:00:00,Well-07B,774.1,0.808,1656.1,75.6,2.44,23.61,28,Online
2026-09-04 06:00:00,Well-07B,771.4,0.793,1665.1,75.1,2.767,23.58,36,Online
2026-09-04 07:00:00,Well-07B,765.6,0.855,1671.0,76.0,2.41,23.63,40,Online
2026-09-04 08:00:00,Well-07B,762.8,0.911,1673.0,77.4,2.424,23.7,36,Online
2026-09-04 09:00:00,Well-07B,760.9,0.685,1678.3,75.7,2.661,23.8,36,Online
2026-09-04 10:00:00,Well-07B,764.5,0.767,1684.9,77.3,2.58,23.6,36,Online
2026-09-04 11:00:00,Well-07B,757.5,0.881,1684.2,77.8,2.686,23.63,24,Online
2026-09-04 12:00:00,Well-07B,756.4,0.843,1682.0,75.2,2.482,23.61,32,Online
2026-09-04 13:00:00,Well-07B,757.9,0.754,1678.8,76.0,2.642,23.93,32,Online
2026-09-04 14:00:00,Well-07B,758.9,0.894,1675.2,77.8,2.409,23.94,32,Online
2026-09-04 15:00:00,Well-07B,762.5,0.627,1669.6,75.9,2.809,23.86,40,Online
2026-09-04 16:00:00,Well-07B,762.8,0.894,1670.5,76.0,2.533,23.88,36,Online
2026-09-04 17:00:00,Well-07B,763.7,0.626,1666.5,74.6,2.604,23.88,36,Online
2026-09-04 18:00:00,Well-07B,759.0,0.773,1663.2,75.5,2.525,23.64,28,Online
2026-09-04 19:00:00,Well-07B,756.5,0.875,1665.9,76.5,2.578,23.69,28,Online
2026-09-04 20:00:00,Well-07B,752.0,0.681,1666.6,78.1,2.782,23.65,40,Online
2026-09-04 21:00:00,Well-07B,753.4,0.745,1668.2,75.8,2.444,23.65,36,Online
2026-09-04 22:00:00,Well-07B,754.2,0.701,1673.6,74.6,2.47,23.54,40,Online
2026-09-04 23:00:00,Well-07B,754.9,0.891,1676.9,74.8,2.46,23.41,40,Online
2026-09-05 00:00:00,Well-07B,752.6,0.85,1682.9,76.0,2.534,23.52,36,Online
2026-09-05 01:00:00,Well-07B,750.1,0.813,1683.2,77.0,2.548,23.65,24,Online
2026-09-05 02:00:00,Well-07B,750.6,0.777,1689.5,76.5,2.425,23.7,24,Online
2026-09-05 03:00:00,Well-07B,748.9,0.845,1690.9,76.4,2.596,23.48,36,Online
2026-09-05 04:00:00,Well-07B,746.3,0.714,1691.5,77.1,2.472,23.54,32,Online
2026-09-05 05:00:00,Well-07B,744.9,0.729,1697.2,75.4,2.565,23.32,28,Online
2026-09-05 06:00:00,Well-07B,743.2,0.812,1693.6,76.0,2.686,23.24,32,Online
2026-09-05 07:00:00,Well-07B,741.0,0.699,1701.6,75.6,2.41,23.35,32,Online
2026-09-05 08:00:00,Well-07B,737.9,0.609,1700.4,75.8,2.794,23.43,32,Online
2026-09-05 09:00:00,Well-07B,738.9,0.613,1695.5,75.1,2.45,23.48,36,Online
2026-09-05 10:00:00,Well-07B,742.8,0.628,1698.0,75.7,2.615,23.64,36,Online
2026-09-05 11:00:00,Well-07B,742.6,0.852,1696.4,76.0,2.624,23.71,24,Online
2026-09-05 12:00:00,Well-07B,743.1,0.735,1704.4,75.7,2.725,23.46,28,Online
2026-09-05 13:00:00,Well-07B,744.4,0.808,1702.6,75.9,2.497,23.42,40,Online
2026-09-05 14:00:00,Well-07B,745.2,0.713,1703.7,76.3,2.669,23.42,24,Online
2026-09-05 15:00:00,Well-07B,743.1,0.671,1698.0,77.1,2.627,23.4,36,Online
2026-09-05 16:00:00,Well-07B,747.3,0.702,1701.1,77.1,2.59,23.32,24,Online
2026-09-05 17:00:00,Well-07B,745.4,0.833,1697.9,76.6,2.608,23.2,40,Online
2026-09-05 18:00:00,Well-07B,746.9,0.784,1700.6,74.9,2.507,23.49,24,Online
2026-09-05 19:00:00,Well-07B,748.2,0.879,1698.8,75.7,2.514,23.44,28,Online
2026-09-05 20:00:00,Well-07B,743.2,0.797,1690.5,75.8,2.525,23.72,40,Online
2026-09-05 21:00:00,Well-07B,742.3,0.763,1691.0,75.4,2.647,23.59,28,Online
2026-09-05 22:00:00,Well-07B,742.3,0.775,1691.2,76.3,2.844,23.66,36,Online
2026-09-05 23:00:00,Well-07B,742.6,0.874,1694.6,74.6,2.752,23.69,32,Online
2026-09-06 00:00:00,Well-07B,743.3,0.829,1700.8,77.4,2.77,23.58,32,Online
2026-09-06 01:00:00,Well-07B,745.1,0.603,1708.3,77.0,2.523,23.53,28,Online
2026-09-06 02:00:00,Well-07B,745.1,0.755,1711.7,76.4,2.578,23.52,40,Online
2026-09-06 03:00:00,Well-07B,745.9,0.802,1712.7,75.9,2.564,23.42,28,Online
2026-09-06 04:00:00,Well-07B,745.7,0.82,1706.9,77.0,2.609,23.39,28,Online
2026-09-06 05:00:00,Well-07B,743.1,0.658,1707.7,76.6,2.456,23.11,24,Online
2026-09-06 06:00:00,Well-07B,743.1,0.852,1708.4,76.9,2.409,23.19,36,Online
2026-09-06 07:00:00,Well-07B,745.0,0.881,1707.5,75.9,2.671,23.34,24,Online
2026-09-06 08:00:00,Well-07B,747.7,0.669,1710.0,77.5,2.761,23.39,40,Online
2026-09-06 09:00:00,Well-07B,749.0,0.864,1714.4,77.0,2.62,23.67,28,Online
2026-09-06 10:00:00,Well-07B,752.2,0.631,1711.0,76.4,2.468,23.75,40,Restricted
2026-09-06 11:00:00,Well-07B,753.2,0.619,1707.6,77.1,2.645,23.89,24,Online
2026-09-06 12:00:00,Well-07B,755.3,0.643,1706.9,75.6,2.627,24.03,24,Online
2026-09-06 13:00:00,Well-07B,757.6,0.624,1704.4,75.0,2.59,23.7,28,Online
2026-09-06 14:00:00,Well-07B,757.0,0.861,1697.7,76.3,2.666,23.75,32,Online
2026-09-06 15:00:00,Well-07B,758.7,0.625,1693.7,76.0,2.79,23.59,40,Online
2026-09-06 16:00:00,Well-07B,756.3,0.687,1688.6,75.8,2.508,23.45,28,Online
2026-09-06 17:00:00,Well-07B,757.1,0.637,1693.4,77.0,2.634,23.33,32,Online
2026-09-06 18:00:00,Well-07B,758.5,0.696,1700.1,76.1,2.524,23.29,24,Online
2026-09-06 19:00:00,Well-07B,761.1,0.636,1695.6,76.2,2.413,23.37,36,Online
2026-09-06 20:00:00,Well-07B,763.1,0.814,1697.7,75.7,2.416,23.42,24,Online
2026-09-06 21:00:00,Well-07B,765.7,0.653,1701.1,76.7,2.487,23.42,24,Online
2026-09-06 22:00:00,Well-07B,765.4,0.873,1695.1,76.6,2.469,23.5,36,Online
2026-09-06 23:00:00,Well-07B,764.5,0.861,1695.6,76.7,2.71,23.6,28,Online
2026-09-07 00:00:00,Well-07B,763.7,0.615,1705.7,75.6,2.638,23.65,40,Online
2026-09-07 01:00:00,Well-07B,764.3,0.885,1708.3,77.1,2.799,23.44,36,Online
2026-09-07 02:00:00,Well-07B,759.7,0.617,1707.2,77.6,2.633,23.36,32,Online
2026-09-07 03:00:00,Well-07B,763.0,0.684,1704.9,76.7,2.843,23.36,28,Online
2026-09-07 04:00:00,Well-07B,763.0,0.62,1696.7,75.3,2.43,23.45,32,Restricted
2026-09-07 05:00:00,Well-07B,762.0,0.712,1698.5,75.3,2.439,23.29,28,Online
2026-09-07 06:00:00,Well-07B,755.6,0.76,1706.2,75.7,2.54,23.29,40,Online
2026-09-07 07:00:00,Well-07B,755.4,0.845,1702.9,75.5,2.739,23.1,36,Online
2026-09-07 08:00:00,Well-07B,754.9,0.706,1695.0,75.9,2.707,23.22,28,Online
2026-09-07 09:00:00,Well-07B,752.6,0.814,1692.3,76.5,2.498,23.25,36,Online
2026-09-07 10:00:00,Well-07B,750.8,0.657,1695.7,76.2,2.599,23.09,28,Online
2026-09-07 11:00:00,Well-07B,750.7,0.826,1693.9,76.2,2.416,22.93,40,Online
2026-09-07 12:00:00,Well-07B,749.2,0.67,1690.6,75.8,2.507,22.97,36,Online
2026-09-07 13:00:00,Well-07B,750.5,0.644,1690.5,75.9,2.706,23.14,40,Online
2026-09-07 14:00:00,Well-07B,748.6,0.654,1691.4,76.7,2.578,23.01,28,Online
2026-09-07 15:00:00,Well-07B,748.9,0.654,1685.7,74.3,2.619,23.1,40,Online
2026-09-07 16:00:00,Well-07B,751.8,0.756,1684.8,76.0,2.482,23.04,28,Online
2026-09-07 17:00:00,Well-07B,751.7,0.855,1682.7,76.2,2.542,23.13,24,Online
2026-09-07 18:00:00,Well-07B,752.5,0.626,1680.0,76.7,2.624,23.22,24,Online
2026-09-07 19:00:00,Well-07B,753.2,0.816,1675.9,75.1,2.674,23.23,32,Online
2026-09-07 20:00:00,Well-07B,753.1,0.8,1679.6,75.1,2.766,23.01,32,Online
2026-09-07 21:00:00,Well-07B,752.9,0.865,1676.9,76.5,2.402,23.1,28,Online
2026-09-07 22:00:00,Well-07B,751.4,0.675,1668.8,74.4,2.449,23.16,32,Online
2026-09-07 23:00:00,Well-07B,751.7,0.737,1669.8,77.1,2.507,23.21,28,Online
2026-09-08 00:00:00,Well-07B,751.0,0.879,1672.6,76.2,2.517,23.23,36,Online
2026-09-08 01:00:00,Well-07B,754.8,0.803,1669.3,77.3,2.646,23.12,32,Online
2026-09-08 02:00:00,Well-07B,756.7,0.723,1667.0,75.1,2.564,23.25,24,Online
2026-09-08 03:00:00,Well-07B,753.0,0.642,1664.3,75.6,2.489,23.36,28,Online
2026-09-08 04:00:00,Well-07B,749.5,0.678,1662.8,74.0,2.6,23.23,40,Online
2026-09-08 05:00:00,Well-07B,749.1,0.773,1667.2,75.3,2.442,23.39,40,Online
2026-09-08 06:00:00,Well-07B,748.1,0.813,1666.6,75.8,2.412,23.41,28,Online
2026-09-08 07:00:00,Well-07B,747.5,0.635,1669.9,74.3,2.434,23.42,40,Online
2026-09-08 08:00:00,Well-07B,749.1,0.779,1665.9,75.7,2.424,23.4,32,Online
2026-09-08 09:00:00,Well-07B,749.8,0.765,1664.3,74.3,2.576,23.39,32,Online
2026-09-08 10:00:00,Well-07B,750.5,0.755,1668.0,75.8,2.531,23.56,40,Online
2026-09-08 11:00:00,Well-07B,754.1,0.811,1664.7,77.0,2.44,23.68,40,Restricted
2026-09-08 12:00:00,Well-07B,750.6,0.852,1668.7,76.0,2.567,23.8,28,Online
2026-09-08 13:00:00,Well-07B,750.8,0.698,1666.1,77.4,3.043,23.82,24,Online
2026-09-08 14:00:00,Well-07B,749.3,0.866,1664.7,76.7,2.601,23.93,24,Online
2026-09-08 15:00:00,Well-07B,752.8,0.651,1671.3,77.1,2.554,23.83,28,Online
2026-09-08 16:00:00,Well-07B,747.2,0.649,1669.5,75.3,2.594,23.9,28,Online
2026-09-08 17:00:00,Well-07B,741.7,0.673,1669.9,75.3,2.494,23.88,36,Online
2026-09-08 18:00:00,Well-07B,742.4,0.629,1672.3,76.3,2.594,23.63,40,Online
2026-09-08 19:00:00,Well-07B,745.2,0.665,1673.1,74.7,2.434,23.44,28,Online
2026-09-08 20:00:00,Well-07B,747.1,0.629,1674.1,76.4,2.489,23.36,32,Online
2026-09-08 21:00:00,Well-07B,745.0,0.841,1673.8,75.7,2.566,23.41,32,Online
2026-09-08 22:00:00,Well-07B,748.7,0.641,1668.5,77.1,2.574,23.33,28,Online
2026-09-08 23:00:00,Well-07B,745.6,0.819,1669.8,76.6,2.486,23.26,40,Online
2026-09-09 00:00:00,Well-07B,748.8,0.613,1666.7,76.9,2.438,23.36,40,Online
2026-09-09 01:00:00,Well-07B,746.0,0.88,1669.8,75.4,2.583,23.29,24,Online
2026-09-09 02:00:00,Well-07B,745.0,0.808,1675.2,76.9,2.424,23.45,28,Online
2026-09-09 03:00:00,Well-07B,746.6,0.599,1667.8,77.2,2.641,23.59,28,Online
2026-09-09 04:00:00,Well-07B,742.8,0.821,1673.2,76.0,2.566,23.59,28,Online
2026-09-09 05:00:00,Well-07B,746.5,0.751,1671.5,75.4,2.608,23.68,32,Online
2026-09-09 06:00:00,Well-07B,745.5,0.829,1670.9,75.4,2.555,23.76,32,Online
2026-09-09 07:00:00,Well-07B,745.8,0.752,1667.2,77.1,2.567,23.73,24,Online
2026-09-09 08:00:00,Well-07B,748.6,0.791,1667.8,78.3,2.439,23.83,28,Online
2026-09-09 09:00:00,Well-07B,746.6,0.832,1668.0,75.2,2.678,23.95,36,Online
2026-09-09 10:00:00,Well-07B,749.2,0.721,1672.2,75.1,2.727,23.84,32,Online
2026-09-09 11:00:00,Well-07B,753.2,0.603,1669.2,76.8,2.709,23.85,36,Online
2026-09-09 12:00:00,Well-07B,751.5,0.857,1675.7,75.4,2.621,23.87,32,Online
2026-09-09 13:00:00,Well-07B,754.9,0.719,1678.3,76.9,2.414,23.97,40,Online
2026-09-09 14:00:00,Well-07B,750.4,0.749,1678.6,76.4,2.409,23.92,40,Online
2026-09-09 15:00:00,Well-07B,751.3,0.603,1677.8,76.0,2.511,23.85,40,Online
2026-09-09 16:00:00,Well-07B,748.2,0.746,1676.4,76.4,2.506,23.87,32,Online
2026-09-09 17:00:00,Well-07B,750.5,0.897,1675.4,76.3,2.641,24.01,32,Online
2026-09-09 18:00:00,Well-07B,752.6,0.686,1676.0,75.8,2.713,23.87,40,Online
2026-09-09 19:00:00,Well-07B,757.7,0.726,1675.0,74.5,2.721,23.74,36,Online
2026-09-09 20:00:00,Well-07B,761.2,0.818,1672.4,76.2,2.806,23.68,24,Online
2026-09-09 21:00:00,Well-07B,760.7,0.857,1673.0,77.3,2.451,23.64,28,Online
2026-09-09 22:00:00,Well-07B,758.0,0.733,1669.6,74.6,2.826,23.43,32,Online
2026-09-09 23:00:00,Well-07B,759.3,0.702,1670.8,75.2,2.568,23.61,28,Online
2026-09-10 00:00:00,Well-07B,759.1,0.892,1669.8,76.4,2.927,23.59,32,Online
2026-09-10 01:00:00,Well-07B,762.9,0.817,1672.5,76.0,2.499,23.56,40,Online
2026-09-10 02:00:00,Well-07B,757.5,0.642,1676.3,76.3,2.448,23.75,24,Online
2026-09-10 03:00:00,Well-07B,762.9,0.631,1680.2,75.4,2.495,23.84,40,Online
2026-09-10 04:00:00,Well-07B,764.2,0.759,1681.4,77.0,2.574,23.78,28,Online
2026-09-10 05:00:00,Well-07B,762.1,0.677,1683.0,76.0,2.469,23.8,40,Online
2026-09-10 06:00:00,Well-07B,763.8,0.689,1681.7,76.6,2.623,23.79,40,Online
2026-09-10 07:00:00,Well-07B,767.0,0.883,1684.3,76.3,2.637,23.96,32,Online
2026-09-10 08:00:00,Well-07B,767.2,0.641,1687.4,76.1,2.665,23.94,36,Online
2026-09-10 09:00:00,Well-07B,762.8,0.828,1681.0,76.5,2.445,23.77,40,Online
2026-09-10 10:00:00,Well-07B,762.0,0.692,1682.4,76.2,2.528,23.55,32,Online
2026-09-10 11:00:00,Well-07B,764.5,0.844,1687.8,75.0,2.485,23.72,36,Online
2026-09-10 12:00:00,Well-07B,765.7,0.834,1686.3,76.9,2.515,23.63,36,Online
2026-09-10 13:00:00,Well-07B,765.2,0.614,1683.9,76.7,2.612,23.71,40,Online
2026-09-10 14:00:00,Well-07B,768.5,0.771,1682.1,74.2,2.719,23.72,32,Online
2026-09-10 15:00:00,Well-07B,770.2,0.659,1676.0,75.4,2.413,23.67,32,Online
2026-09-10 16:00:00,Well-07B,772.2,0.885,1676.4,76.9,2.476,23.64,24,Online
2026-09-10 17:00:00,Well-07B,771.1,0.886,1676.5,74.4,2.442,23.83,40,Restricted
2026-09-10 18:00:00,Well-07B,769.8,0.745,1677.2,76.8,2.768,23.65,36,Online
2026-09-10 19:00:00,Well-07B,765.5,0.748,1678.7,75.9,2.481,23.61,24,Online
2026-09-10 20:00:00,Well-07B,764.8,0.705,1675.5,77.1,2.48,23.71,24,Online
2026-09-10 21:00:00,Well-07B,767.1,0.834,1676.5,76.0,2.512,23.56,28,Online
2026-09-10 22:00:00,Well-07B,766.5,0.723,1678.1,75.4,2.409,23.72,40,Online
2026-09-10 23:00:00,Well-07B,767.6,0.696,1676.1,76.3,2.448,23.83,36,Online
2026-09-11 00:00:00,Well-07B,770.3,0.749,1677.7,76.0,2.617,23.86,40,Online
2026-09-11 01:00:00,Well-07B,771.1,0.645,1677.9,75.3,2.433,23.8,40,Online
2026-09-11 02:00:00,Well-07B,772.3,0.848,1675.3,77.9,2.541,23.63,28,Online
2026-09-11 03:00:00,Well-07B,768.8,0.619,1676.4,75.2,2.976,23.71,24,Online
2026-09-11 04:00:00,Well-07B,767.9,0.812,1675.1,74.1,2.707,24.04,24,Online
2026-09-11 05:00:00,Well-07B,772.2,0.674,1677.8,77.3,2.42,24.06,24,Online
2026-09-11 06:00:00,Well-07B,772.4,0.69,1676.8,75.5,2.64,23.84,40,Online
2026-09-11 07:00:00,Well-07B,777.1,0.819,1671.5,75.7,2.934,23.9,36,Online
2026-09-11 08:00:00,Well-07B,775.2,0.928,1672.5,75.7,2.591,24.0,24,Online
2026-09-11 09:00:00,Well-07B,775.7,0.862,1673.3,75.5,2.495,23.89,36,Online
2026-09-11 10:00:00,Well-07B,774.7,0.69,1668.9,75.3,2.593,23.81,28,Online
2026-09-11 11:00:00,Well-07B,776.1,0.676,1671.8,75.2,2.492,23.72,40,Online
2026-09-11 12:00:00,Well-07B,778.3,0.892,1674.5,76.1,2.55,23.66,32,Online
2026-09-11 13:00:00,Well-07B,779.8,0.762,1670.9,75.7,2.668,23.64,36,Online
2026-09-11 14:00:00,Well-07B,782.3,0.669,1668.2,76.6,2.575,23.53,24,Online
2026-09-11 15:00:00,Well-07B,782.2,0.896,1667.6,76.4,2.589,23.39,28,Online
2026-09-11 16:00:00,Well-07B,781.7,0.881,1664.4,75.2,2.503,23.41,28,Online
2026-09-11 17:00:00,Well-07B,777.2,0.928,1666.9,76.1,2.645,23.39,40,Online
2026-09-11 18:00:00,Well-07B,778.8,0.906,1667.4,75.6,2.828,23.33,24,Online
2026-09-11 19:00:00,Well-07B,779.1,0.889,1662.9,75.2,2.649,23.34,36,Online
2026-09-11 20:00:00,Well-07B,778.9,0.64,1659.6,76.6,2.415,23.16,28,Online
2026-09-11 21:00:00,Well-07B,778.4,0.655,1664.2,75.9,2.428,23.19,28,Online
2026-09-11 22:00:00,Well-07B,778.2,0.8,1670.3,75.7,2.608,23.14,32,Online
2026-09-11 23:00:00,Well-07B,777.6,0.787,1672.3,75.3,2.799,23.17,36,Online
2026-09-12 00:00:00,Well-07B,776.2,0.763,1671.4,75.1,2.424,23.22,40,Online
2026-09-12 01:00:00,Well-07B,776.7,0.745,1669.6,77.7,2.521,23.35,24,Online
2026-09-12 02:00:00,Well-07B,777.9,0.756,1671.7,76.3,2.555,23.37,28,Online
2026-09-12 03:00:00,Well-07B,775.9,0.797,1671.9,75.1,2.531,23.49,36,Online
2026-09-12 04:00:00,Well-07B,774.8,0.621,1665.4,76.2,2.481,23.46,36,Online
2026-09-12 05:00:00,Well-07B,774.3,0.7,1669.4,76.9,2.603,23.42,32,Online
2026-09-12 06:00:00,Well-07B,774.2,0.78,1674.7,76.1,2.569,23.41,28,Online
2026-09-12 07:00:00,Well-07B,773.8,0.843,1677.5,77.2,2.628,23.51,40,Online
2026-09-12 08:00:00,Well-07B,775.4,0.674,1673.1,74.7,2.644,23.58,24,Online
2026-09-12 09:00:00,Well-07B,771.2,0.786,1670.5,74.3,2.418,23.6,40,Online
2026-09-12 10:00:00,Well-07B,767.5,0.833,1662.9,76.2,2.411,23.45,24,Online
2026-09-12 11:00:00,Well-07B,767.9,0.751,1669.2,76.2,2.591,23.52,28,Online
2026-09-12 12:00:00,Well-07B,766.3,0.621,1667.7,73.2,2.62,23.42,36,Online
2026-09-12 13:00:00,Well-07B,768.5,0.753,1677.0,75.5,2.57,23.31,40,Online
2026-09-12 14:00:00,Well-07B,771.4,0.709,1684.7,75.1,2.581,23.17,40,Online
2026-09-12 15:00:00,Well-07B,771.9,0.905,1681.0,74.8,2.568,23.16,24,Online
2026-09-12 16:00:00,Well-07B,769.1,0.654,1678.1,75.1,2.579,23.31,28,Online
2026-09-12 17:00:00,Well-07B,771.7,0.819,1679.8,76.5,2.573,23.19,40,Online
2026-09-12 18:00:00,Well-07B,772.2,0.634,1672.7,75.1,2.714,23.39,32,Online
2026-09-12 19:00:00,Well-07B,768.4,0.752,1670.9,75.2,2.421,23.5,32,Online
2026-09-12 20:00:00,Well-07B,764.8,0.781,1668.6,74.6,2.581,23.33,28,Online
2026-09-12 21:00:00,Well-07B,768.6,0.706,1676.0,77.1,2.591,23.28,36,Restricted
2026-09-12 22:00:00,Well-07B,771.9,0.758,1676.5,76.4,2.645,23.16,40,Online
2026-09-12 23:00:00,Well-07B,765.5,0.663,1675.3,73.9,2.444,23.24,28,Online
2026-09-13 00:00:00,Well-07B,762.1,0.702,1672.7,75.2,2.437,23.12,24,Online
2026-09-13 01:00:00,Well-07B,764.9,0.802,1676.2,76.4,2.555,22.92,32,Online
2026-09-13 02:00:00,Well-07B,764.8,0.704,1674.1,77.1,2.647,22.88,36,Online
2026-09-13 03:00:00,Well-07B,766.5,0.889,1673.8,76.7,2.408,23.03,40,Online
2026-09-13 04:00:00,Well-07B,766.2,0.806,1671.1,75.7,2.51,23.0,36,Online
2026-09-13 05:00:00,Well-07B,767.8,0.749,1665.0,74.4,2.542,23.05,24,Online
2026-09-13 06:00:00,Well-07B,767.8,0.626,1660.9,76.7,2.809,23.1,32,Online
2026-09-13 07:00:00,Well-07B,766.6,0.766,1658.8,75.7,2.6,22.92,28,Online
2026-09-13 08:00:00,Well-07B,769.2,0.851,1657.7,76.1,2.556,22.81,40,Online
2026-09-13 09:00:00,Well-07B,769.6,0.697,1656.7,75.8,2.453,22.81,32,Online
2026-09-13 10:00:00,Well-07B,771.2,0.866,1656.3,74.8,2.602,22.75,24,Online
2026-09-13 11:00:00,Well-07B,771.6,0.695,1654.2,76.3,2.491,22.95,40,Online
2026-09-13 12:00:00,Well-07B,770.3,0.87,1659.5,76.2,2.542,22.8,28,Online
2026-09-13 13:00:00,Well-07B,774.2,0.646,1663.2,75.6,2.651,22.69,40,Online
2026-09-13 14:00:00,Well-07B,775.1,0.889,1662.6,76.4,2.424,22.73,28,Online
2026-09-13 15:00:00,Well-07B,774.1,0.774,1663.5,74.8,2.469,22.65,28,Online
2026-09-13 16:00:00,Well-07B,777.3,0.714,1661.9,75.8,2.426,22.31,32,Online
2026-09-13 17:00:00,Well-07B,773.9,0.701,1650.5,76.0,2.425,22.54,28,Online
2026-09-13 18:00:00,Well-07B,779.4,0.758,1650.5,74.5,2.646,22.41,36,Online
2026-09-13 19:00:00,Well-07B,778.9,0.934,1651.6,76.0,2.465,22.48,40,Online
2026-09-13 20:00:00,Well-07B,775.7,0.689,1645.1,76.6,2.683,22.33,32,Online
2026-09-13 21:00:00,Well-07B,780.4,0.657,1647.0,75.7,2.598,22.22,36,Online
2026-09-13 22:00:00,Well-07B,779.2,0.806,1645.8,76.0,2.841,22.03,28,Online
2026-09-13 23:00:00,Well-07B,779.7,0.776,1647.0,76.5,2.458,21.94,24,Online
2026-09-14 00:00:00,Well-07B,781.5,0.789,1645.9,75.7,2.772,21.86,36,Online
2026-09-14 01:00:00,Well-07B,784.4,0.837,1650.8,75.7,2.5,21.85,32,Online
2026-09-14 02:00:00,Well-07B,785.0,0.712,1651.7,75.0,2.612,21.8,36,Online
2026-09-14 03:00:00,Well-07B,783.4,0.912,1655.6,76.0,2.648,21.63,32,Online
2026-09-14 04:00:00,Well-07B,783.9,0.764,1659.8,75.7,2.664,21.57,36,Online
2026-09-14 05:00:00,Well-07B,782.7,0.667,1655.3,76.4,2.616,21.74,32,Online
2026-09-14 06:00:00,Well-07B,783.3,0.859,1652.2,76.5,2.618,21.9,32,Online
2026-09-14 07:00:00,Well-07B,787.3,0.832,1653.9,76.7,2.42,21.95,40,Online
2026-09-14 08:00:00,Well-07B,789.2,0.731,1652.4,75.6,2.684,22.03,28,Online
2026-09-14 09:00:00,Well-07B,789.6,0.828,1651.3,74.1,2.54,22.28,36,Online
2026-09-14 10:00:00,Well-07B,791.4,0.703,1656.4,76.6,2.492,22.35,36,Online
2026-09-14 11:00:00,Well-07B,793.4,0.776,1655.1,76.4,2.575,22.43,32,Online
2026-09-14 12:00:00,Well-07B,790.6,0.917,1651.1,75.5,3.01,22.24,32,Online
2026-08-31 13:00:00,Well-19C,1050.8,1.029,1951.3,80.7,1.967,14.54,40,Online
2026-08-31 14:00:00,Well-19C,1049.5,1.023,1957.7,79.3,2.088,14.44,28,Online
2026-08-31 15:00:00,Well-19C,1050.8,1.17,1952.6,80.6,1.889,14.52,32,Online
2026-08-31 16:00:00,Well-19C,1048.3,0.878,1951.8,82.0,2.104,14.46,28,Online
2026-08-31 17:00:00,Well-19C,1049.6,1.058,1952.5,81.3,2.229,14.32,24,Online
2026-08-31 18:00:00,Well-19C,1047.5,1.188,1952.7,81.3,1.894,14.33,40,Online
2026-08-31 19:00:00,Well-19C,1052.5,1.192,1955.2,82.1,2.065,14.1,32,Online
2026-08-31 20:00:00,Well-19C,1052.6,1.245,1954.4,80.1,2.003,14.28,32,Online
2026-08-31 21:00:00,Well-19C,1054.2,1.138,1962.8,80.1,1.911,14.37,32,Online
2026-08-31 22:00:00,Well-19C,1052.2,0.929,1962.8,79.1,2.133,14.41,32,Online
2026-08-31 23:00:00,Well-19C,1054.1,0.852,1951.2,81.7,1.934,14.22,40,Online
2026-09-01 00:00:00,Well-19C,1054.1,1.045,1951.5,81.5,1.928,14.13,24,Online
2026-09-01 01:00:00,Well-19C,1050.5,1.056,1956.4,81.6,2.1,14.14,28,Online
2026-09-01 02:00:00,Well-19C,1049.8,0.941,1952.6,80.0,1.864,14.11,24,Online
2026-09-01 03:00:00,Well-19C,1054.6,0.896,1948.6,79.6,1.874,13.9,36,Online
2026-09-01 04:00:00,Well-19C,1056.7,1.093,1945.2,79.9,1.885,13.75,36,Online
2026-09-01 05:00:00,Well-19C,1055.7,1.167,1940.8,80.2,2.201,13.71,36,Online
2026-09-01 06:00:00,Well-19C,1050.9,1.258,1938.7,82.3,1.918,13.56,28,Online
2026-09-01 07:00:00,Well-19C,1048.8,1.157,1942.3,81.9,1.953,13.72,40,Online
2026-09-01 08:00:00,Well-19C,1045.2,1.168,1948.3,80.6,1.986,13.78,36,Online
2026-09-01 09:00:00,Well-19C,1040.5,1.089,1938.5,81.3,1.927,13.69,28,Online
2026-09-01 10:00:00,Well-19C,1042.4,1.245,1936.9,80.4,1.927,13.83,32,Restricted
2026-09-01 11:00:00,Well-19C,1042.5,1.101,1938.0,81.3,1.877,13.94,32,Online
2026-09-01 12:00:00,Well-19C,1047.0,1.198,1938.8,80.0,1.871,13.98,36,Online
2026-09-01 13:00:00,Well-19C,1044.4,1.231,1946.3,81.6,2.281,13.97,28,Online
2026-09-01 14:00:00,Well-19C,1044.3,1.224,1938.1,80.3,1.951,13.94,40,Online
2026-09-01 15:00:00,Well-19C,1040.8,0.991,1927.7,81.7,2.051,13.87,28,Online
2026-09-01 16:00:00,Well-19C,1039.3,0.864,1935.9,80.6,1.851,13.71,36,Online
2026-09-01 17:00:00,Well-19C,1038.6,0.902,1938.8,80.3,1.867,13.89,36,Online
2026-09-01 18:00:00,Well-19C,1037.6,0.855,1936.4,82.4,1.893,13.83,32,Online
2026-09-01 19:00:00,Well-19C,1037.7,0.874,1937.0,81.2,1.951,13.83,28,Online
2026-09-01 20:00:00,Well-19C,1040.1,0.909,1937.9,80.7,1.874,13.73,24,Online
2026-09-01 21:00:00,Well-19C,1042.2,0.976,1935.4,81.6,1.879,13.69,40,Online
2026-09-01 22:00:00,Well-19C,1040.2,1.058,1935.9,79.9,2.049,14.04,40,Online
2026-09-01 23:00:00,Well-19C,1040.1,1.128,1937.2,81.9,1.87,13.95,32,Online
2026-09-02 00:00:00,Well-19C,1042.0,0.922,1945.2,80.9,1.873,14.12,24,Online
2026-09-02 01:00:00,Well-19C,1044.5,1.117,1949.0,81.5,1.964,14.12,36,Online
2026-09-02 02:00:00,Well-19C,1042.8,1.128,1955.8,79.7,2.041,14.2,40,Online
2026-09-02 03:00:00,Well-19C,1044.5,1.069,1950.4,80.7,2.066,14.35,24,Online
2026-09-02 04:00:00,Well-19C,1045.3,1.214,1948.9,81.0,2.126,14.38,24,Online
2026-09-02 05:00:00,Well-19C,1042.6,0.88,1949.8,81.9,2.223,14.34,32,Online
2026-09-02 06:00:00,Well-19C,1044.5,0.91,1942.0,81.6,2.005,14.32,24,Online
2026-09-02 07:00:00,Well-19C,1044.8,1.015,1946.6,80.7,1.898,14.3,36,Online
2026-09-02 08:00:00,Well-19C,1040.4,0.885,1949.1,81.3,1.854,14.52,36,Online
2026-09-02 09:00:00,Well-19C,1039.6,1.067,1947.5,82.1,1.936,14.35,36,Online
2026-09-02 10:00:00,Well-19C,1039.7,0.997,1946.7,80.8,1.896,14.13,24,Online
2026-09-02 11:00:00,Well-19C,1038.1,0.949,1951.7,80.7,2.064,13.93,36,Online
2026-09-02 12:00:00,Well-19C,1041.1,0.904,1948.4,79.4,2.035,13.82,32,Online
2026-09-02 13:00:00,Well-19C,1044.2,0.975,1953.5,80.8,1.889,13.91,32,Online
2026-09-02 14:00:00,Well-19C,1043.2,1.088,1952.4,79.5,1.897,14.0,28,Online
2026-09-02 15:00:00,Well-19C,1041.9,1.073,1955.3,80.9,2.047,13.92,28,Online
2026-09-02 16:00:00,Well-19C,1041.5,0.901,1955.6,81.8,1.965,13.92,40,Online
2026-09-02 17:00:00,Well-19C,1040.9,0.885,1964.4,79.2,2.042,13.79,32,Online
2026-09-02 18:00:00,Well-19C,1039.4,0.843,1960.8,82.0,2.002,13.66,24,Online
2026-09-02 19:00:00,Well-19C,1030.1,0.829,1958.4,80.7,1.869,13.73,36,Online
2026-09-02 20:00:00,Well-19C,1034.4,1.192,1952.3,81.0,2.402,13.86,24,Online
2026-09-02 21:00:00,Well-19C,1034.3,0.846,1947.8,80.6,1.888,13.8,40,Online
2026-09-02 22:00:00,Well-19C,1033.8,1.129,1950.6,79.5,2.415,14.0,36,Online
2026-09-02 23:00:00,Well-19C,1034.6,1.189,1956.9,80.3,1.991,14.11,36,Online
2026-09-03 00:00:00,Well-19C,1034.3,0.868,1960.1,82.8,2.0,14.31,32,Online
2026-09-03 01:00:00,Well-19C,1033.2,1.007,1960.0,80.1,2.098,14.27,36,Online
2026-09-03 02:00:00,Well-19C,1030.6,1.221,1956.3,79.6,2.033,14.45,28,Online
2026-09-03 03:00:00,Well-19C,1026.0,1.163,1959.8,81.1,1.885,14.71,40,Online
2026-09-03 04:00:00,Well-19C,1022.5,1.018,1955.9,80.9,2.068,14.66,28,Online
2026-09-03 05:00:00,Well-19C,1019.7,1.127,1950.4,80.7,1.973,14.65,36,Online
2026-09-03 06:00:00,Well-19C,1021.2,1.157,1949.1,81.0,1.99,14.53,36,Online
2026-09-03 07:00:00,Well-19C,1023.0,0.961,1940.9,81.5,1.974,14.39,32,Online
2026-09-03 08:00:00,Well-19C,1020.7,1.181,1935.3,80.5,1.852,14.26,40,Online
2026-09-03 09:00:00,Well-19C,1014.0,1.002,1942.7,81.2,1.865,14.16,32,Online
2026-09-03 10:00:00,Well-19C,1014.0,1.025,1936.4,81.9,2.195,14.19,28,Online
2026-09-03 11:00:00,Well-19C,1012.9,1.215,1931.5,80.2,1.983,14.1,36,Online
2026-09-03 12:00:00,Well-19C,1011.7,1.151,1931.7,79.0,2.288,14.13,36,Online
2026-09-03 13:00:00,Well-19C,1014.0,0.958,1932.1,81.6,2.026,14.16,40,Online
2026-09-03 14:00:00,Well-19C,1014.3,0.816,1931.1,83.1,2.004,14.11,32,Online
2026-09-03 15:00:00,Well-19C,1011.8,1.063,1923.0,81.0,2.111,14.1,40,Online
2026-09-03 16:00:00,Well-19C,1008.7,1.091,1926.3,81.2,2.057,14.04,24,Online
2026-09-03 17:00:00,Well-19C,1008.0,1.069,1924.4,80.7,1.921,14.0,32,Online
2026-09-03 18:00:00,Well-19C,1005.7,1.194,1929.2,82.3,1.875,13.9,32,Online
2026-09-03 19:00:00,Well-19C,1005.4,1.151,1926.6,80.9,2.061,13.91,24,Online
2026-09-03 20:00:00,Well-19C,1007.9,0.987,1930.4,80.8,2.058,13.84,40,Online
2026-09-03 21:00:00,Well-19C,1004.4,0.829,1935.5,81.8,1.903,13.7,24,Online
2026-09-03 22:00:00,Well-19C,1004.6,0.995,1933.6,80.6,2.104,13.77,32,Online
2026-09-03 23:00:00,Well-19C,1006.8,1.083,1937.0,79.9,2.013,13.85,24,Online
2026-09-04 00:00:00,Well-19C,1006.5,1.05,1931.6,81.7,2.171,13.98,40,Online
2026-09-04 01:00:00,Well-19C,1008.3,1.024,1932.5,80.5,1.903,13.86,24,Online
2026-09-04 02:00:00,Well-19C,1007.5,0.995,1937.3,80.2,1.901,13.8,32,Online
2026-09-04 03:00:00,Well-19C,1007.9,0.925,1939.3,82.8,1.968,13.83,36,Online
2026-09-04 04:00:00,Well-19C,1008.9,0.919,1948.9,80.8,2.524,13.77,40,Online
2026-09-04 05:00:00,Well-19C,1007.4,1.008,1951.1,81.4,1.934,13.83,40,Online
2026-09-04 06:00:00,Well-19C,1012.4,0.875,1949.5,81.0,1.933,13.89,36,Online
2026-09-04 07:00:00,Well-19C,1013.7,0.949,1960.8,80.2,2.001,13.95,36,Online
2026-09-04 08:00:00,Well-19C,1016.9,0.945,1967.2,81.6,1.934,14.13,40,Online
2026-09-04 09:00:00,Well-19C,1019.5,1.055,1960.7,81.3,1.946,14.2,32,Online
2026-09-04 10:00:00,Well-19C,1020.3,0.843,1957.5,80.4,2.167,14.22,40,Online
2026-09-04 11:00:00,Well-19C,1023.7,1.159,1953.3,81.4,2.197,14.2,40,Online
2026-09-04 12:00:00,Well-19C,1024.1,1.05,1955.8,80.6,1.904,14.18,28,Online
2026-09-04 13:00:00,Well-19C,1022.2,1.092,1958.0,80.1,1.881,14.06,24,Online
2026-09-04 14:00:00,Well-19C,1022.2,1.105,1960.1,80.0,1.983,13.85,28,Online
2026-09-04 15:00:00,Well-19C,1019.6,0.935,1953.5,81.2,1.887,13.9,36,Online
2026-09-04 16:00:00,Well-19C,1014.3,1.002,1950.9,80.7,2.053,14.05,28,Online
2026-09-04 17:00:00,Well-19C,1012.1,1.197,1950.2,82.3,2.107,14.01,28,Online
2026-09-04 18:00:00,Well-19C,1012.3,1.12,1942.8,81.0,1.85,14.2,40,Online
2026-09-04 19:00:00,Well-19C,1014.9,1.205,1939.2,80.3,2.217,14.18,36,Online
2026-09-04 20:00:00,Well-19C,1012.7,1.112,1944.6,81.1,1.896,13.94,36,Online
2026-09-04 21:00:00,Well-19C,1015.1,0.883,1938.3,79.9,1.955,14.05,36,Online
2026-09-04 22:00:00,Well-19C,1012.0,0.836,1944.0,80.9,2.281,14.0,40,Online
2026-09-04 23:00:00,Well-19C,1009.7,1.041,1948.3,81.3,1.94,14.12,28,Online
2026-09-05 00:00:00,Well-19C,1013.2,0.956,1947.0,81.2,2.176,13.96,40,Online
2026-09-05 01:00:00,Well-19C,1013.3,0.922,1944.3,82.1,2.168,14.01,32,Online
2026-09-05 02:00:00,Well-19C,1012.8,1.137,1947.6,83.2,2.127,13.92,36,Online
2026-09-05 03:00:00,Well-19C,1013.3,0.959,1944.3,81.6,2.027,13.94,36,Online
2026-09-05 04:00:00,Well-19C,1010.3,0.936,1941.3,82.0,2.191,14.03,36,Online
2026-09-05 05:00:00,Well-19C,1009.4,1.151,1941.1,83.2,2.07,14.1,32,Online
2026-09-05 06:00:00,Well-19C,1009.3,1.149,1932.5,80.1,1.955,14.11,28,Online
2026-09-05 07:00:00,Well-19C,1012.3,0.954,1926.6,81.1,2.058,13.94,40,Online
2026-09-05 08:00:00,Well-19C,1008.1,1.142,1925.2,80.6,2.051,14.03,24,Online
2026-09-05 09:00:00,Well-19C,1012.4,1.155,1927.1,81.7,2.174,14.15,32,Online
2026-09-05 10:00:00,Well-19C,1012.1,0.981,1923.8,81.2,2.042,14.03,32,Online
2026-09-05 11:00:00,Well-19C,1009.2,0.834,1922.9,80.3,2.009,13.92,28,Online
2026-09-05 12:00:00,Well-19C,1006.0,0.805,1916.3,81.0,2.215,14.05,40,Online
2026-09-05 13:00:00,Well-19C,1006.6,1.016,1920.0,81.9,2.357,14.02,40,Online
2026-09-05 14:00:00,Well-19C,1003.1,0.941,1920.8,79.9,1.896,13.92,36,Online
2026-09-05 15:00:00,Well-19C,1001.7,1.201,1921.9,80.3,2.018,13.95,36,Online
2026-09-05 16:00:00,Well-19C,1001.0,1.11,1923.8,80.2,2.155,13.87,24,Online
2026-09-05 17:00:00,Well-19C,1003.8,1.109,1924.0,81.3,2.058,13.89,36,Online
2026-09-05 18:00:00,Well-19C,1006.3,1.19,1922.0,82.1,2.11,13.84,32,Online
2026-09-05 19:00:00,Well-19C,1004.6,1.16,1926.4,79.3,1.872,13.8,24,Online
2026-09-05 20:00:00,Well-19C,1004.0,0.931,1926.9,81.1,2.264,13.94,28,Online
2026-09-05 21:00:00,Well-19C,1000.0,0.866,1926.2,80.2,2.138,13.64,40,Online
2026-09-05 22:00:00,Well-19C,994.8,1.093,1926.1,81.9,1.971,13.71,24,Online
2026-09-05 23:00:00,Well-19C,991.7,0.943,1925.9,80.8,1.936,13.82,40,Online
2026-09-06 00:00:00,Well-19C,994.4,0.984,1925.1,81.1,2.107,13.75,36,Online
2026-09-06 01:00:00,Well-19C,996.3,1.048,1926.8,81.0,1.995,13.86,32,Online
2026-09-06 02:00:00,Well-19C,997.2,1.16,1922.9,82.0,1.868,13.74,36,Online
2026-09-06 03:00:00,Well-19C,993.5,0.961,1919.4,82.7,1.955,13.67,40,Online
2026-09-06 04:00:00,Well-19C,991.7,1.104,1921.5,80.0,2.108,13.57,32,Online
2026-09-06 05:00:00,Well-19C,989.5,0.898,1920.9,80.2,2.018,13.69,40,Online
2026-09-06 06:00:00,Well-19C,989.0,1.067,1924.7,81.3,2.042,13.48,32,Online
2026-09-06 07:00:00,Well-19C,988.4,0.791,1926.2,80.3,2.049,13.67,36,Online
2026-09-06 08:00:00,Well-19C,985.8,1.132,1923.9,81.8,1.97,13.64,40,Online
2026-09-06 09:00:00,Well-19C,986.6,0.801,1926.1,81.9,1.998,13.71,28,Online
2026-09-06 10:00:00,Well-19C,987.1,1.071,1930.8,80.5,2.077,13.77,32,Online
2026-09-06 11:00:00,Well-19C,985.3,0.806,1932.5,80.4,1.946,13.79,40,Online
2026-09-06 12:00:00,Well-19C,986.0,0.894,1935.1,80.8,1.973,13.72,40,Online
2026-09-06 13:00:00,Well-19C,988.7,0.988,1934.3,81.1,1.892,13.87,24,Online
2026-09-06 14:00:00,Well-19C,992.2,0.96,1938.2,81.3,1.903,13.81,36,Online
2026-09-06 15:00:00,Well-19C,993.4,0.871,1935.8,79.1,2.198,13.72,36,Online
2026-09-06 16:00:00,Well-19C,994.5,0.928,1937.0,80.2,2.025,13.83,36,Online
2026-09-06 17:00:00,Well-19C,993.8,1.084,1947.2,80.7,1.974,13.84,36,Online
2026-09-06 18:00:00,Well-19C,996.3,1.064,1949.3,80.3,1.857,14.01,32,Restricted
2026-09-06 19:00:00,Well-19C,993.6,0.823,1947.5,78.6,1.954,14.0,36,Online
2026-09-06 20:00:00,Well-19C,995.8,1.094,1945.7,79.4,1.882,13.92,24,Online
2026-09-06 21:00:00,Well-19C,995.0,0.817,1945.4,79.9,1.976,13.95,24,Online
2026-09-06 22:00:00,Well-19C,998.7,1.016,1948.7,80.9,2.072,13.9,36,Online
2026-09-06 23:00:00,Well-19C,1000.1,0.904,1949.2,80.6,1.906,13.82,40,Online
2026-09-07 00:00:00,Well-19C,999.9,1.035,1946.5,80.5,1.949,13.92,36,Online
2026-09-07 01:00:00,Well-19C,999.2,0.904,1943.8,81.7,2.141,14.14,32,Online
2026-09-07 02:00:00,Well-19C,1000.5,1.195,1944.3,81.7,2.095,14.11,40,Online
2026-09-07 03:00:00,Well-19C,1001.6,0.925,1944.4,81.1,2.071,14.0,24,Online
2026-09-07 04:00:00,Well-19C,1000.6,0.897,1946.1,81.1,1.929,13.98,28,Online
2026-09-07 05:00:00,Well-19C,1000.7,0.912,1949.7,80.3,2.054,14.04,28,Online
2026-09-07 06:00:00,Well-19C,1002.9,1.162,1960.5,80.4,1.899,14.07,24,Online
2026-09-07 07:00:00,Well-19C,999.5,1.054,1954.6,79.5,1.966,14.22,36,Online
2026-09-07 08:00:00,Well-19C,1001.2,1.094,1957.3,80.8,1.869,14.3,32,Online
2026-09-07 09:00:00,Well-19C,1002.5,1.17,1957.6,81.7,2.072,14.16,24,Online
2026-09-07 10:00:00,Well-19C,1005.4,1.171,1950.1,82.2,1.866,14.1,40,Online
2026-09-07 11:00:00,Well-19C,1003.5,1.099,1955.0,80.8,1.886,13.94,24,Online
2026-09-07 12:00:00,Well-19C,1003.5,0.882,1956.6,81.4,2.083,14.08,24,Online
2026-09-07 13:00:00,Well-19C,1003.9,1.142,1959.7,78.6,1.879,13.84,24,Online
2026-09-07 14:00:00,Well-19C,1005.7,0.887,1952.8,80.6,1.943,13.68,36,Online
2026-09-07 15:00:00,Well-19C,1006.7,1.105,1951.8,80.6,2.0,13.62,40,Online
2026-09-07 16:00:00,Well-19C,1003.6,1.078,1947.4,82.3,2.018,13.69,28,Online
2026-09-07 17:00:00,Well-19C,1004.2,1.108,1956.0,81.3,2.039,13.63,28,Online
2026-09-07 18:00:00,Well-19C,1009.2,1.022,1960.5,81.4,1.92,13.58,40,Online
2026-09-07 19:00:00,Well-19C,1010.7,1.067,1957.7,81.4,2.286,13.54,24,Online
2026-09-07 20:00:00,Well-19C,1014.7,1.199,1951.4,81.0,1.889,13.56,36,Online
2026-09-07 21:00:00,Well-19C,1017.2,0.855,1952.1,82.3,1.887,13.41,32,Online
2026-09-07 22:00:00,Well-19C,1020.6,0.943,1956.4,79.0,2.059,13.3,40,Online
2026-09-07 23:00:00,Well-19C,1021.3,1.067,1949.4,81.1,1.962,13.5,40,Online
2026-09-08 00:00:00,Well-19C,1022.5,1.212,1945.6,82.0,1.964,13.55,36,Online
2026-09-08 01:00:00,Well-19C,1023.1,0.858,1941.1,79.4,1.871,13.64,24,Online
2026-09-08 02:00:00,Well-19C,1023.1,0.828,1944.4,81.7,1.867,13.65,40,Online
2026-09-08 03:00:00,Well-19C,1024.9,0.843,1942.9,80.4,2.016,13.63,28,Online
2026-09-08 04:00:00,Well-19C,1023.5,0.84,1941.5,81.1,1.957,13.69,40,Online
2026-09-08 05:00:00,Well-19C,1028.2,1.196,1942.1,80.3,1.952,13.77,28,Online
2026-09-08 06:00:00,Well-19C,1025.8,1.117,1938.5,81.8,2.008,13.88,40,Online
2026-09-08 07:00:00,Well-19C,1027.7,1.101,1932.6,80.8,1.957,13.86,28,Online
2026-09-08 08:00:00,Well-19C,1031.1,1.04,1938.0,81.7,2.033,13.98,36,Online
2026-09-08 09:00:00,Well-19C,1030.6,1.147,1943.8,81.4,2.099,13.68,32,Online
2026-09-08 10:00:00,Well-19C,1027.8,0.886,1944.4,80.3,2.117,13.79,28,Online
2026-09-08 11:00:00,Well-19C,1030.6,0.986,1945.3,81.4,1.915,13.74,24,Online
2026-09-08 12:00:00,Well-19C,1031.1,1.027,1950.3,80.4,2.109,13.8,40,Online
2026-09-08 13:00:00,Well-19C,1033.0,0.872,1950.8,81.1,1.993,13.72,32,Online
2026-09-08 14:00:00,Well-19C,1032.7,0.999,1949.0,80.7,1.966,13.56,36,Online
2026-09-08 15:00:00,Well-19C,1037.0,0.961,1949.1,81.8,1.852,13.61,24,Online
2026-09-08 16:00:00,Well-19C,1031.6,0.84,1954.6,81.5,1.923,13.43,40,Online
2026-09-08 17:00:00,Well-19C,1032.5,0.882,1954.7,81.0,1.859,13.38,24,Online
2026-09-08 18:00:00,Well-19C,1035.8,1.145,1951.9,80.4,2.014,13.28,36,Online
2026-09-08 19:00:00,Well-19C,1036.0,0.836,1952.4,79.9,2.075,13.26,36,Online
2026-09-08 20:00:00,Well-19C,1036.7,1.217,1955.0,81.1,2.051,13.35,24,Online
2026-09-08 21:00:00,Well-19C,1035.6,0.864,1957.0,80.5,2.172,13.3,28,Online
2026-09-08 22:00:00,Well-19C,1035.6,1.16,1959.1,79.4,2.312,13.33,36,Online
2026-09-08 23:00:00,Well-19C,1031.3,1.196,1955.7,79.9,1.851,13.42,32,Online
2026-09-09 00:00:00,Well-19C,1029.5,1.211,1958.7,82.4,2.227,13.35,28,Online
2026-09-09 01:00:00,Well-19C,1027.4,1.178,1958.8,80.4,2.02,13.28,32,Online
2026-09-09 02:00:00,Well-19C,1029.0,0.942,1955.8,81.9,1.967,13.44,32,Online
2026-09-09 03:00:00,Well-19C,1027.6,0.959,1958.8,80.7,2.171,13.43,36,Online
2026-09-09 04:00:00,Well-19C,1026.1,0.996,1956.9,82.1,2.027,13.49,36,Online
2026-09-09 05:00:00,Well-19C,1025.1,0.877,1950.5,82.0,2.203,13.55,40,Restricted
2026-09-09 06:00:00,Well-19C,1023.2,0.828,1946.4,80.3,1.953,13.41,40,Online
2026-09-09 07:00:00,Well-19C,1023.8,1.175,1945.6,79.3,2.073,13.32,40,Online
2026-09-09 08:00:00,Well-19C,1024.7,1.047,1947.8,79.4,1.899,13.36,36,Online
2026-09-09 09:00:00,Well-19C,1026.7,1.071,1944.3,80.3,2.114,13.12,24,Online
2026-09-09 10:00:00,Well-19C,1028.3,1.204,1943.2,82.6,1.879,13.09,24,Online
2026-09-09 11:00:00,Well-19C,1029.6,1.098,1938.3,80.7,1.913,12.99,24,Online
2026-09-09 12:00:00,Well-19C,1028.7,1.107,1942.1,81.1,1.956,13.12,32,Online
2026-09-09 13:00:00,Well-19C,1027.7,1.146,1948.9,82.1,1.973,13.16,24,Online
2026-09-09 14:00:00,Well-19C,1025.4,0.868,1955.2,81.1,1.915,13.3,24,Online
2026-09-09 15:00:00,Well-19C,1023.2,0.966,1959.0,81.1,1.864,13.3,24,Online
2026-09-09 16:00:00,Well-19C,1023.6,1.215,1962.4,81.5,1.958,13.29,32,Online
2026-09-09 17:00:00,Well-19C,1021.7,1.195,1954.0,81.2,2.066,13.25,24,Online
2026-09-09 18:00:00,Well-19C,1025.3,1.183,1954.6,80.9,1.992,13.19,32,Online
2026-09-09 19:00:00,Well-19C,1025.2,1.006,1952.5,80.4,1.928,13.51,32,Online
2026-09-09 20:00:00,Well-19C,1028.9,1.176,1956.0,81.1,1.853,13.61,36,Online
2026-09-09 21:00:00,Well-19C,1030.2,0.844,1945.7,81.9,1.91,13.48,36,Online
2026-09-09 22:00:00,Well-19C,1028.2,0.884,1946.4,82.5,1.991,13.8,32,Online
2026-09-09 23:00:00,Well-19C,1028.0,0.993,1945.4,81.2,2.224,13.75,36,Online
2026-09-10 00:00:00,Well-19C,1023.8,1.017,1949.8,81.6,1.956,13.79,40,Online
2026-09-10 01:00:00,Well-19C,1024.2,0.927,1955.9,81.2,1.987,13.9,36,Online
2026-09-10 02:00:00,Well-19C,1022.4,0.964,1952.1,80.9,1.875,13.72,32,Online
2026-09-10 03:00:00,Well-19C,1019.6,0.882,1948.5,81.4,1.947,13.62,36,Online
2026-09-10 04:00:00,Well-19C,1023.3,1.019,1949.3,82.0,2.026,13.81,28,Online
2026-09-10 05:00:00,Well-19C,1025.8,1.146,1956.2,80.2,1.932,13.79,24,Online
2026-09-10 06:00:00,Well-19C,1028.3,1.095,1956.3,79.8,2.06,13.91,36,Online
2026-09-10 07:00:00,Well-19C,1030.2,0.869,1951.1,80.5,1.878,13.85,40,Restricted
2026-09-10 08:00:00,Well-19C,1027.0,1.022,1948.6,81.2,1.983,13.84,28,Online
2026-09-10 09:00:00,Well-19C,1026.0,1.107,1949.3,81.7,2.014,14.06,24,Online
2026-09-10 10:00:00,Well-19C,1025.1,1.037,1950.2,80.2,1.876,14.11,28,Online
2026-09-10 11:00:00,Well-19C,1020.7,0.977,1947.3,78.9,1.874,14.07,36,Online
2026-09-10 12:00:00,Well-19C,1019.3,1.069,1944.7,80.6,1.988,13.98,28,Online
2026-09-10 13:00:00,Well-19C,1017.9,1.209,1940.7,80.8,1.922,13.91,32,Online
2026-09-10 14:00:00,Well-19C,1018.1,0.853,1945.2,80.0,2.252,14.06,24,Online
2026-09-10 15:00:00,Well-19C,1024.4,0.979,1941.7,80.4,1.96,14.15,32,Online
2026-09-10 16:00:00,Well-19C,1024.3,0.986,1939.8,81.7,1.955,14.02,40,Online
2026-09-10 17:00:00,Well-19C,1024.5,1.056,1937.7,81.1,1.875,14.03,36,Online
2026-09-10 18:00:00,Well-19C,1023.8,0.881,1931.2,81.3,1.949,14.02,28,Online
2026-09-10 19:00:00,Well-19C,1025.6,0.893,1927.7,80.7,2.034,14.06,36,Online
2026-09-10 20:00:00,Well-19C,1022.9,0.935,1932.5,80.4,1.928,13.98,24,Online
2026-09-10 21:00:00,Well-19C,1027.6,1.215,1927.6,80.7,2.006,14.12,24,Online
2026-09-10 22:00:00,Well-19C,1027.2,1.123,1923.6,81.4,2.456,14.12,40,Online
2026-09-10 23:00:00,Well-19C,1026.1,1.093,1918.2,79.7,1.975,14.16,32,Online
2026-09-11 00:00:00,Well-19C,1028.5,1.159,1917.8,82.4,2.205,14.07,28,Online
2026-09-11 01:00:00,Well-19C,1026.2,0.873,1925.2,81.5,1.956,13.98,24,Online
2026-09-11 02:00:00,Well-19C,1028.0,1.176,1924.6,80.5,2.055,14.3,40,Online
2026-09-11 03:00:00,Well-19C,1031.4,1.071,1924.8,81.7,1.911,14.51,24,Online
2026-09-11 04:00:00,Well-19C,1030.8,0.963,1921.5,82.0,1.923,14.51,40,Online
2026-09-11 05:00:00,Well-19C,1035.8,1.167,1921.2,80.7,1.981,14.69,40,Online
2026-09-11 06:00:00,Well-19C,1037.4,1.163,1926.0,80.8,1.866,14.83,36,Online
2026-09-11 07:00:00,Well-19C,1039.0,1.183,1926.5,82.3,1.884,14.76,40,Online
2026-09-11 08:00:00,Well-19C,1042.3,0.882,1934.9,82.8,2.083,14.67,36,Online
2026-09-11 09:00:00,Well-19C,1046.3,1.243,1939.8,81.0,2.446,14.75,28,Online
2026-09-11 10:00:00,Well-19C,1046.9,1.239,1939.4,80.0,2.028,14.78,40,Online
2026-09-11 11:00:00,Well-19C,1048.9,0.989,1938.9,80.6,1.904,14.74,36,Online
2026-09-11 12:00:00,Well-19C,1052.3,0.87,1945.3,81.9,1.87,14.82,36,Online
2026-09-11 13:00:00,Well-19C,1049.3,0.91,1945.8,80.1,2.115,14.65,36,Online
2026-09-11 14:00:00,Well-19C,1044.9,1.251,1951.3,80.8,2.307,14.66,28,Online
2026-09-11 15:00:00,Well-19C,1044.7,1.071,1959.3,81.2,2.001,14.51,28,Online
2026-09-11 16:00:00,Well-19C,1040.3,0.981,1958.4,80.2,1.877,14.37,40,Online
2026-09-11 17:00:00,Well-19C,1039.4,0.951,1959.7,81.9,2.174,14.28,40,Online
2026-09-11 18:00:00,Well-19C,1040.2,0.939,1963.5,81.6,1.881,14.33,36,Online
2026-09-11 19:00:00,Well-19C,1039.4,1.108,1966.5,82.7,1.946,14.25,40,Online
2026-09-11 20:00:00,Well-19C,1039.0,1.006,1969.4,81.7,2.07,14.1,32,Online
2026-09-11 21:00:00,Well-19C,1036.4,1.229,1964.0,80.2,1.935,14.16,32,Online
2026-09-11 22:00:00,Well-19C,1038.4,1.115,1960.5,81.5,2.307,14.34,36,Restricted
2026-09-11 23:00:00,Well-19C,1035.6,1.157,1958.5,81.8,1.946,14.41,36,Online
2026-09-12 00:00:00,Well-19C,1030.3,0.945,1963.2,81.9,2.02,14.63,40,Online
2026-09-12 01:00:00,Well-19C,1029.7,0.856,1958.2,80.3,2.005,14.8,24,Online
2026-09-12 02:00:00,Well-19C,1032.0,1.027,1964.2,80.2,2.145,14.74,24,Online
2026-09-12 03:00:00,Well-19C,1032.1,0.956,1967.2,80.0,1.937,14.82,32,Online
2026-09-12 04:00:00,Well-19C,1029.1,0.907,1971.8,82.4,2.198,14.81,32,Online
2026-09-12 05:00:00,Well-19C,1029.3,1.216,1968.0,81.5,1.891,14.93,36,Online
2026-09-12 06:00:00,Well-19C,1030.4,1.007,1968.2,80.3,1.983,14.92,36,Online
2026-09-12 07:00:00,Well-19C,1030.5,0.896,1969.3,81.1,2.049,14.83,36,Online
2026-09-12 08:00:00,Well-19C,1029.8,0.906,1970.2,80.9,2.154,14.99,36,Online
2026-09-12 09:00:00,Well-19C,1031.0,0.941,1971.3,80.2,2.071,15.03,28,Online
2026-09-12 10:00:00,Well-19C,1026.6,1.232,1970.1,81.0,2.078,14.95,40,Online
2026-09-12 11:00:00,Well-19C,1024.3,0.929,1970.5,81.2,2.086,14.89,36,Online
2026-09-12 12:00:00,Well-19C,1021.0,0.951,1974.6,82.6,1.917,14.81,28,Online
2026-09-12 13:00:00,Well-19C,1024.3,1.09,1969.8,80.4,2.296,14.69,28,Online
2026-09-12 14:00:00,Well-19C,1026.0,0.941,1975.9,79.5,1.851,14.63,32,Online
2026-09-12 15:00:00,Well-19C,1026.4,0.91,1979.8,80.1,2.174,14.68,24,Online
2026-09-12 16:00:00,Well-19C,1022.7,0.883,1975.8,80.2,1.998,14.69,28,Online
2026-09-12 17:00:00,Well-19C,1024.5,0.948,1977.3,80.6,1.876,14.63,24,Online
2026-09-12 18:00:00,Well-19C,1027.9,0.866,1980.8,80.1,1.963,14.81,28,Online
2026-09-12 19:00:00,Well-19C,1029.3,0.831,1975.7,81.7,2.067,14.57,24,Online
2026-09-12 20:00:00,Well-19C,1029.1,1.155,1975.8,80.1,1.975,14.61,36,Online
2026-09-12 21:00:00,Well-19C,1030.6,0.881,1975.4,81.0,2.034,14.59,28,Online
2026-09-12 22:00:00,Well-19C,1031.3,1.145,1972.7,82.7,1.991,14.47,24,Online
2026-09-12 23:00:00,Well-19C,1033.5,1.157,1973.0,81.5,2.283,14.52,40,Online
2026-09-13 00:00:00,Well-19C,1035.7,1.051,1970.5,81.4,1.967,14.49,28,Online
2026-09-13 01:00:00,Well-19C,1035.1,0.956,1975.9,82.6,2.07,14.64,24,Online
2026-09-13 02:00:00,Well-19C,1033.4,0.887,1973.3,82.1,2.186,14.75,40,Online
2026-09-13 03:00:00,Well-19C,1032.3,1.13,1976.4,81.5,2.119,14.97,32,Online
2026-09-13 04:00:00,Well-19C,1033.6,1.076,1969.7,80.7,1.855,14.92,24,Online
2026-09-13 05:00:00,Well-19C,1032.7,1.097,1969.0,81.0,1.955,15.08,36,Online
2026-09-13 06:00:00,Well-19C,1030.8,0.828,1968.9,80.9,2.174,14.94,40,Online
2026-09-13 07:00:00,Well-19C,1030.7,1.207,1968.1,80.7,1.936,14.93,32,Online
2026-09-13 08:00:00,Well-19C,1033.4,0.854,1966.4,81.2,2.374,14.88,36,Online
2026-09-13 09:00:00,Well-19C,1033.7,0.979,1963.6,81.3,2.322,14.95,28,Online
2026-09-13 10:00:00,Well-19C,1033.0,0.993,1966.6,79.9,1.989,15.02,40,Online
2026-09-13 11:00:00,Well-19C,1033.7,0.828,1970.5,82.4,2.244,14.91,24,Online
2026-09-13 12:00:00,Well-19C,1033.8,1.033,1970.1,81.3,2.125,14.99,24,Online
2026-09-13 13:00:00,Well-19C,1029.0,1.133,1965.6,80.8,1.976,14.94,24,Online
2026-09-13 14:00:00,Well-19C,1030.6,1.164,1972.7,81.2,1.895,14.84,24,Online
2026-09-13 15:00:00,Well-19C,1031.6,1.188,1969.1,81.8,1.952,14.84,32,Online
2026-09-13 16:00:00,Well-19C,1031.6,1.027,1963.1,79.8,1.879,14.67,24,Online
2026-09-13 17:00:00,Well-19C,1034.2,1.088,1955.0,80.9,2.243,14.78,24,Online
2026-09-13 18:00:00,Well-19C,1037.1,0.863,1955.3,80.0,1.925,14.77,36,Online
2026-09-13 19:00:00,Well-19C,1039.1,1.034,1954.3,83.3,2.1,14.77,36,Online
2026-09-13 20:00:00,Well-19C,1036.9,0.894,1958.4,81.1,1.89,14.76,24,Online
2026-09-13 21:00:00,Well-19C,1034.8,0.981,1960.7,80.0,2.297,14.95,32,Online
2026-09-13 22:00:00,Well-19C,1037.5,0.967,1961.8,84.1,2.112,15.14,36,Online
2026-09-13 23:00:00,Well-19C,1032.8,1.001,1960.6,80.5,2.067,15.3,24,Online
2026-09-14 00:00:00,Well-19C,1032.3,1.062,1965.0,80.8,1.905,15.29,36,Online
2026-09-14 01:00:00,Well-19C,1033.4,1.2,1972.4,80.9,2.307,15.15,32,Online
2026-09-14 02:00:00,Well-19C,1028.9,0.986,1976.3,80.3,1.93,15.15,28,Online
2026-09-14 03:00:00,Well-19C,1029.5,1.228,1974.4,81.2,1.873,15.19,32,Online
2026-09-14 04:00:00,Well-19C,1031.8,1.139,1977.4,79.1,2.122,15.29,40,Online
2026-09-14 05:00:00,Well-19C,1028.0,1.033,1975.7,81.9,2.169,15.32,24,Online
2026-09-14 06:00:00,Well-19C,1032.1,1.092,1971.2,80.0,1.958,15.2,32,Online
2026-09-14 07:00:00,Well-19C,1029.5,0.866,1967.5,80.6,1.99,15.14,32,Online
2026-09-14 08:00:00,Well-19C,1030.9,1.173,1966.0,81.6,1.938,15.06,32,Online
2026-09-14 09:00:00,Well-19C,1030.6,1.065,1966.3,80.8,2.047,15.13,40,Online
2026-09-14 10:00:00,Well-19C,1030.7,1.231,1974.5,80.9,1.954,15.19,28,Online
2026-09-14 11:00:00,Well-19C,1027.5,1.084,1970.8,80.1,1.957,15.28,24,Online
2026-09-14 12:00:00,Well-19C,1030.6,1.168,1976.0,82.8,1.929,15.31,36,Online
